{
	"id": "2283070161",
	"name": "climb",
	"description": "Climbing - one of our first activities",
	"count_views": "55",
	"count_faves": "0",
	"count_comments": "0",
	"date_taken": "2002-07-25 13:44:21",
	"count_tags": "2",
	"count_notes": "0",
	"rotation": 0,
	"date_imported": "2008-02-22 04:51:46",
	"photopage": "https://www.flickr.com/photos/23603275@N07/2283070161/",
	"original": "https://live.staticflickr.com/2051/2283070161_8ca2a0d990_o.jpg",
	"license": "All Rights Reserved",
	"exif": {
		"JFIF:XResolution": {
			"full": "JFIF:XResolution",
			"label": "X-Resolution",
			"value": "1",
			"raw_value": "1"
		},
		"JFIF:YResolution": {
			"full": "JFIF:YResolution",
			"label": "Y-Resolution",
			"value": "1",
			"raw_value": "1"
		},
		"IFD0:Compression": {
			"full": "IFD0:Compression",
			"label": "Compression",
			"value": "JPEG (old-style)",
			"raw_value": "JPEG (old-style)"
		},
		"IFD0:Orientation": {
			"full": "IFD0:Orientation",
			"label": "Orientation",
			"value": "Horizontal (normal)",
			"raw_value": "Horizontal (normal)"
		},
		"IFD0:Software": {
			"full": "IFD0:Software",
			"label": "Software",
			"value": "FinePix Viewer Ver.1.1",
			"raw_value": "FinePix Viewer Ver.1.1"
		},
		"IFD0:ModifyDate": {
			"full": "IFD0:ModifyDate",
			"label": "Date and Time (Modified)",
			"value": "2002:08:01 23:51:07",
			"raw_value": "2002:08:01 23:51:07"
		},
		"IFD0:YCbCrPositioning": {
			"full": "IFD0:YCbCrPositioning",
			"label": "YCbCr Positioning",
			"value": "Co-sited",
			"raw_value": "Co-sited"
		},
		"ExifIFD:CreateDate": {
			"full": "ExifIFD:CreateDate",
			"label": "Date and Time (Digitized)",
			"value": "2002:07:25 13:44:21",
			"raw_value": "2002:07:25 13:44:21"
		},
		"ExifIFD:ColorSpace": {
			"full": "ExifIFD:ColorSpace",
			"label": "Color Space",
			"value": "sRGB",
			"raw_value": "sRGB"
		}
	},
	"groups": [

	],
	"albums": [

	],
	"tags": [
		{
			"tag": "Romania",
			"user": "https://www.flickr.com/photos/23603275@N07/",
			"date_create": "2008-02-22 04:51:46"
		},
		{
			"tag": "2002",
			"user": "https://www.flickr.com/photos/23603275@N07/",
			"date_create": "2008-02-22 04:51:46"
		}
	],
	"people": [

	],
	"notes": [

	],
	"privacy": "public",
	"comment_permissions": "any flickr member",
	"tagging_permissions": "people you follow",
	"safety": "safe",
	"comments": [

	]
}