{
	"id": "4354607742",
	"name": "100_4619",
	"description": "",
	"count_views": "44",
	"count_faves": "0",
	"count_comments": "0",
	"date_taken": "2010-01-24 15:05:51",
	"count_tags": "10",
	"count_notes": "0",
	"rotation": 0,
	"date_imported": "2010-02-13 12:53:09",
	"photopage": "https://www.flickr.com/photos/23603275@N07/4354607742/",
	"original": "https://live.staticflickr.com/2715/4354607742_1d2d492e49_o.jpg",
	"license": "All Rights Reserved",
	"exif": {
		"Make": "EASTMAN KODAK COMPANY",
		"Model": "KODAK EASYSHARE C813 ZOOM DIGITAL CAMERA",
		"Orientation": "Horizontal (normal)",
		"XResolution": "480 dpi",
		"YResolution": "480 dpi",
		"ResolutionUnit": "inches",
		"Software": "KODAK EASYSHARE C813 ZOOM DIGITAL CAMERA",
		"YCbCrPositioning": "Co-sited",
		"ExposureTime": "0.013 sec (1/76)",
		"FNumber": "f/2.7",
		"ExposureProgram": "Program AE",
		"ISO": "200",
		"ExifVersion": "0221",
		"DateTimeOriginal": "2010:01:24 15:05:51",
		"CreateDate": "2010:01:24 15:05:51",
		"ComponentsConfiguration": "Y, Cb, Cr, -",
		"ExposureCompensation": "0 EV",
		"MaxApertureValue": "2.7",
		"MeteringMode": "Multi-segment",
		"LightSource": "Unknown",
		"Flash": "Auto, Fired",
		"FocalLength": "6 mm",
		"FlashpixVersion": "0100",
		"ColorSpace": "sRGB",
		"ExposureIndex": "200",
		"SensingMethod": "One-chip color area",
		"FileSource": "Digital Camera",
		"SceneType": "Directly photographed",
		"CustomRendered": "Normal",
		"ExposureMode": "Auto",
		"WhiteBalance": "Auto",
		"DigitalZoomRatio": "0",
		"FocalLengthIn35mmFormat": "36 mm",
		"SceneCaptureType": "Standard",
		"GainControl": "High gain up",
		"Contrast": "Normal",
		"Saturation": "Normal",
		"Sharpness": "Normal",
		"SubjectDistanceRange": "Unknown",
		"SerialNumber": "C813 161242128",
		"InteropIndex": "R98 - DCF basic file (sRGB)",
		"InteropVersion": "0100",
		"Compression": "JPEG (old-style)",
		"ThumbnailOffset": "13860",
		"ThumbnailLength": "3216",
		"CodePage": "1200",
		"UsedExtensionNumbers": "1",
		"ExtensionName": "Screen Nail",
		"ExtensionClassID": "30020010-C06F-D011-BD01-00609719A180",
		"ExtensionPersistence": "Invalidated By Modification",
		"ExtensionCreateDate": "1997:10:29 00:24:21",
		"ExtensionModifyDate": "1997:10:29 00:24:21",
		"CreatingApplication": "Picoss",
		"ExtensionDescription": "Presized image for LCD display",
		"Storage-StreamPathname": "\nLwVTY3JlZW4gTmFpbF9iZDAxMDA2MDk3MTlhMTgw\n",
		"ScreenNail": "(Binary data 45097 bytes, use -b option to extract)"
	},
	"groups": [

	],
	"albums": [
		{
			"id": "72157623303669357",
			"title": "Chile Training Weekend Four",
			"url": "https://www.flickr.com/photos/23603275@N07/sets/72157623303669357/"
		}
	],
	"tags": [
		{
			"tag": "Borders",
			"user": "https://www.flickr.com/photos/23603275@N07/",
			"date_create": "2010-02-13 12:53:09"
		},
		{
			"tag": "Exploration",
			"user": "https://www.flickr.com/photos/23603275@N07/",
			"date_create": "2010-02-13 12:53:09"
		},
		{
			"tag": "Group",
			"user": "https://www.flickr.com/photos/23603275@N07/",
			"date_create": "2010-02-13 12:53:09"
		},
		{
			"tag": "Chile",
			"user": "https://www.flickr.com/photos/23603275@N07/",
			"date_create": "2010-02-13 12:53:09"
		},
		{
			"tag": "Expedition",
			"user": "https://www.flickr.com/photos/23603275@N07/",
			"date_create": "2010-02-13 12:53:09"
		},
		{
			"tag": "2010",
			"user": "https://www.flickr.com/photos/23603275@N07/",
			"date_create": "2010-02-13 12:53:09"
		},
		{
			"tag": "Training",
			"user": "https://www.flickr.com/photos/23603275@N07/",
			"date_create": "2010-02-13 12:53:09"
		},
		{
			"tag": "Weekend",
			"user": "https://www.flickr.com/photos/23603275@N07/",
			"date_create": "2010-02-13 12:53:09"
		},
		{
			"tag": "Four",
			"user": "https://www.flickr.com/photos/23603275@N07/",
			"date_create": "2010-02-13 12:53:09"
		},
		{
			"tag": "Lindean",
			"user": "https://www.flickr.com/photos/23603275@N07/",
			"date_create": "2010-02-13 12:53:09"
		}
	],
	"people": [

	],
	"notes": [

	],
	"privacy": "public",
	"comment_permissions": "any flickr member",
	"tagging_permissions": "people you follow",
	"safety": "safe",
	"comments": [

	]
}