{
	"id": "3542136402",
	"name": "Search and rescue 2",
	"description": "All photographs taken on May 10 2009 by Patricia Rueda at the Borders Exploration Group venturer selection day for the expedition to Chile in Summer 2010. See <a href=\"http://www.patriciarueda.com/\">www.patriciarueda.com/</a> for more information about Patricia's photography and see <a href=\"http://www.borders-exploration-group.org.uk/expeditions/chile/\">www.borders-exploration-group.org.uk/expeditions/chile/</a> for up to date news about the Chile 2010 expedition. ",
	"count_views": "467",
	"count_faves": "0",
	"count_comments": "0",
	"date_taken": "2009-05-10 14:16:57",
	"count_tags": "5",
	"count_notes": "0",
	"rotation": 0,
	"date_imported": "2009-05-18 01:40:28",
	"photopage": "https://www.flickr.com/photos/23603275@N07/3542136402/",
	"original": "https://live.staticflickr.com/3323/3542136402_c02b6147f7_o.jpg",
	"license": "All Rights Reserved",
	"exif": {
		"JFIFVersion": "1.02",
		"ResolutionUnit": "inches",
		"XResolution": "240 dpi",
		"YResolution": "240 dpi",
		"Make": "Canon",
		"Model": "Canon EOS 400D DIGITAL",
		"Orientation": "Horizontal (normal)",
		"Software": "Adobe Photoshop CS4 Macintosh",
		"ModifyDate": "2009:05:15 20:25:42",
		"Artist": "unknown",
		"ExposureTime": "0.01 sec (1/100)",
		"FNumber": "f/11.0",
		"ExposureProgram": "Manual",
		"ISO": "100",
		"ExifVersion": "0221",
		"DateTimeOriginal": "2009:05:10 14:16:57+01:00",
		"CreateDate": "2009:05:10 14:16:57",
		"ExposureCompensation": "0 EV",
		"MaxApertureValue": "2.8",
		"MeteringMode": "Multi-segment",
		"Flash": "Off",
		"FocalLength": "57 mm",
		"ColorSpace": "Uncalibrated",
		"FocalPlaneXResolution": "4433.29532497149 dpi",
		"FocalPlaneYResolution": "4453.60824742268 dpi",
		"FocalPlaneResolutionUnit": "inches",
		"CustomRendered": "Normal",
		"ExposureMode": "Manual",
		"WhiteBalance": "Auto",
		"SceneCaptureType": "Standard",
		"Compression": "JPEG (old-style)",
		"ThumbnailOffset": "772",
		"ThumbnailLength": "9229",
		"ApplicationRecordVersion": "0",
		"By-line": "unknown",
		"IPTCDigest": "b398395b82f53187485fc902e39e1a49",
		"DisplayedUnitsX": "inches",
		"DisplayedUnitsY": "inches",
		"GlobalAngle": "30",
		"GlobalAltitude": "30",
		"PhotoshopThumbnail": "(Binary data 9229 bytes)",
		"PhotoshopQuality": "7",
		"PhotoshopFormat": "Standard",
		"ProgressiveScans": "3 Scans",
		"NativeDigest": "36864,40960,40961,37121,37122,40962,40963,37510,40964,36867,36868,33434,33437,34850,34852,34855,34856,37377,37378,37379,37380,37381,37382,37383,37384,37385,37386,37396,41483,41484,41486,41487,41488,41492,41493,41495,41728,41729,41730,41985,41986,41987,41988,41989,41990,41991,41992,41993,41994,41995,41996,42016,0,2,4,5,6,7,8,9,10,11,12,13,14,15,16,17,18,20,22,23,24,25,26,27,28,30;59B8557A5DAA182A3DFE780BE6D6CA1C",
		"Rating": "0",
		"MetadataDate": "2009:05:15 20:25:42+01:00",
		"Format": "image/jpeg",
		"Creator": "unknown",
		"SerialNumber": "630323658",
		"LensInfo": "28/1 70/1 0/0 0/0",
		"Lens": "28.0-70.0 mm",
		"ImageNumber": "16",
		"FlashCompensation": "0",
		"OwnerName": "unknown",
		"Firmware": "1.0.4",
		"SidecarForExtension": "CR2",
		"ColorMode": "3",
		"ICCProfileName": "Adobe RGB (1998)",
		"InstanceID": "xmp.iid:EE3DAC74142068118F62FA3FC60999C6",
		"DocumentID": "xmp.did:ED3DAC74142068118F62FA3FC60999C6",
		"OriginalDocumentID": "xmp.did:ED3DAC74142068118F62FA3FC60999C6",
		"HistoryAction": "saved",
		"HistoryInstanceID": "xmp.iid:ED3DAC74142068118F62FA3FC60999C6",
		"HistoryWhen": "2009:05:15 20:25:42+01:00",
		"HistorySoftwareAgent": "Adobe Photoshop CS4 Macintosh",
		"HistoryChanged": "/",
		"HistoryParameters": "from image/tiff to image/jpeg",
		"DerivedFromInstanceID": "xmp.iid:ED3DAC74142068118F62FA3FC60999C6",
		"DerivedFromDocumentID": "xmp.did:ED3DAC74142068118F62FA3FC60999C6",
		"DerivedFromOriginalDocumentID": "xmp.did:ED3DAC74142068118F62FA3FC60999C6",
		"DCTEncodeVersion": "100",
		"APP14Flags0": "(none)",
		"APP14Flags1": "(none)",
		"ColorTransform": "YCbCr",
		"FlashReturn": "No return detection",
		"FlashMode": "Off",
		"FlashFunction": "False",
		"FlashRedEyeMode": "False"
	},
	"groups": [

	],
	"albums": [
		{
			"id": "72157618316193103",
			"title": "Chile 2010 Venturer Selection Day",
			"url": "https://www.flickr.com/photos/23603275@N07/sets/72157618316193103/"
		}
	],
	"tags": [
		{
			"tag": "Borders Exploration Group",
			"user": "https://www.flickr.com/photos/23603275@N07/",
			"date_create": "2009-05-18 01:40:28"
		},
		{
			"tag": "Chile 2010",
			"user": "https://www.flickr.com/photos/23603275@N07/",
			"date_create": "2009-05-18 01:40:28"
		},
		{
			"tag": "Chile expedition",
			"user": "https://www.flickr.com/photos/23603275@N07/",
			"date_create": "2009-05-18 01:40:28"
		},
		{
			"tag": "Venturer Selection Day 2009",
			"user": "https://www.flickr.com/photos/23603275@N07/",
			"date_create": "2009-05-18 01:40:28"
		},
		{
			"tag": "Patricia Rueda",
			"user": "https://www.flickr.com/photos/23603275@N07/",
			"date_create": "2009-05-18 01:40:28"
		}
	],
	"people": [

	],
	"notes": [

	],
	"privacy": "public",
	"comment_permissions": "any flickr member",
	"tagging_permissions": "people you follow",
	"safety": "safe",
	"comments": [

	]
}