{
	"id": "2301443685",
	"name": "trish",
	"description": "",
	"count_views": "37",
	"count_faves": "0",
	"count_comments": "0",
	"date_taken": "2008-03-01 05:26:11",
	"count_tags": "1",
	"count_notes": "0",
	"rotation": 0,
	"date_imported": "2008-03-01 05:26:11",
	"photopage": "https://www.flickr.com/photos/23603275@N07/2301443685/",
	"original": "https://live.staticflickr.com/2250/2301443685_c47618c91c_o.jpg",
	"license": "All Rights Reserved",
	"exif": {
		"JFIF:XResolution": {
			"full": "JFIF:XResolution",
			"label": "X-Resolution",
			"value": "72 dpi",
			"raw_value": "72"
		},
		"JFIF:YResolution": {
			"full": "JFIF:YResolution",
			"label": "Y-Resolution",
			"value": "72 dpi",
			"raw_value": "72"
		}
	},
	"groups": [

	],
	"albums": [

	],
	"tags": [
		{
			"tag": "Romania",
			"user": "https://www.flickr.com/photos/23603275@N07/",
			"date_create": "2008-03-01 05:26:11"
		}
	],
	"people": [

	],
	"notes": [

	],
	"privacy": "public",
	"comment_permissions": "any flickr member",
	"tagging_permissions": "people you follow",
	"safety": "safe",
	"comments": [

	]
}