{
	"id": "2523548697",
	"name": "Norway2006 052",
	"description": "",
	"count_views": "14",
	"count_faves": "0",
	"count_comments": "0",
	"date_taken": "2006-08-11 00:01:46",
	"count_tags": "3",
	"count_notes": "0",
	"rotation": 0,
	"date_imported": "2008-05-26 05:37:47",
	"photopage": "https://www.flickr.com/photos/23603275@N07/2523548697/",
	"original": "https://live.staticflickr.com/3234/2523548697_a8e62ce23b_o.jpg",
	"license": "All Rights Reserved",
	"exif": {
		"IFD0:Compression": {
			"full": "IFD0:Compression",
			"label": "Compression",
			"value": "JPEG (old-style)",
			"raw_value": "JPEG (old-style)"
		},
		"IFD0:Orientation": {
			"full": "IFD0:Orientation",
			"label": "Orientation",
			"value": "Horizontal (normal)",
			"raw_value": "Horizontal (normal)"
		},
		"IFD0:XResolution": {
			"full": "IFD0:XResolution",
			"label": "X-Resolution",
			"value": "72 dpi",
			"raw_value": "72"
		},
		"IFD0:YResolution": {
			"full": "IFD0:YResolution",
			"label": "Y-Resolution",
			"value": "72 dpi",
			"raw_value": "72"
		},
		"IFD0:Software": {
			"full": "IFD0:Software",
			"label": "Software",
			"value": "Digital Camera FinePix S5500   Ver1.00",
			"raw_value": "Digital Camera FinePix S5500   Ver1.00"
		},
		"IFD0:ModifyDate": {
			"full": "IFD0:ModifyDate",
			"label": "Date and Time (Modified)",
			"value": "2006:08:11 00:01:46",
			"raw_value": "2006:08:11 00:01:46"
		},
		"IFD0:YCbCrPositioning": {
			"full": "IFD0:YCbCrPositioning",
			"label": "YCbCr Positioning",
			"value": "Co-sited",
			"raw_value": "Co-sited"
		},
		"ExifIFD:ExposureTime": {
			"full": "ExifIFD:ExposureTime",
			"label": "Exposure",
			"value": "0.003 sec (1/340)",
			"raw_value": "1/340"
		},
		"ExifIFD:FNumber": {
			"full": "ExifIFD:FNumber",
			"label": "Aperture",
			"value": "f/4.0",
			"raw_value": "4.0"
		},
		"ExifIFD:ExposureProgram": {
			"full": "ExifIFD:ExposureProgram",
			"label": "Exposure Program",
			"value": "Program AE",
			"raw_value": "Program AE"
		},
		"ExifIFD:ISO": {
			"full": "ExifIFD:ISO",
			"label": "ISO Speed",
			"value": "64",
			"raw_value": "64"
		},
		"ExifIFD:DateTimeOriginal": {
			"full": "ExifIFD:DateTimeOriginal",
			"label": "Date and Time (Original)",
			"value": "2006:08:11 00:01:46",
			"raw_value": "2006:08:11 00:01:46"
		},
		"ExifIFD:CreateDate": {
			"full": "ExifIFD:CreateDate",
			"label": "Date and Time (Digitized)",
			"value": "2006:08:11 00:01:46",
			"raw_value": "2006:08:11 00:01:46"
		},
		"ExifIFD:CompressedBitsPerPixel": {
			"full": "ExifIFD:CompressedBitsPerPixel",
			"label": "Compressed Bits Per Pixel",
			"value": "3",
			"raw_value": "3"
		},
		"ExifIFD:BrightnessValue": {
			"full": "ExifIFD:BrightnessValue",
			"label": "Brightness Value",
			"value": "8.6",
			"raw_value": "8.6"
		},
		"ExifIFD:ExposureCompensation": {
			"full": "ExifIFD:ExposureCompensation",
			"label": "Exposure Bias",
			"value": "0 EV",
			"raw_value": "0"
		},
		"ExifIFD:MaxApertureValue": {
			"full": "ExifIFD:MaxApertureValue",
			"label": "Max Aperture Value",
			"value": "2.8",
			"raw_value": "2.8"
		},
		"ExifIFD:MeteringMode": {
			"full": "ExifIFD:MeteringMode",
			"label": "Metering Mode",
			"value": "Multi-segment",
			"raw_value": "Multi-segment"
		},
		"ExifIFD:LightSource": {
			"full": "ExifIFD:LightSource",
			"label": "Light Source",
			"value": "Unknown",
			"raw_value": "Unknown"
		},
		"ExifIFD:Flash": {
			"full": "ExifIFD:Flash",
			"label": "Flash",
			"value": "Off, Did not fire",
			"raw_value": "Off, Did not fire"
		},
		"ExifIFD:FocalLength": {
			"full": "ExifIFD:FocalLength",
			"label": "Focal Length",
			"value": "7.5 mm",
			"raw_value": "7.5 mm"
		},
		"ExifIFD:ColorSpace": {
			"full": "ExifIFD:ColorSpace",
			"label": "Color Space",
			"value": "sRGB",
			"raw_value": "sRGB"
		},
		"ExifIFD:FocalPlaneXResolution": {
			"full": "ExifIFD:FocalPlaneXResolution",
			"label": "Focal Plane X-Resolution",
			"value": "1204",
			"raw_value": "1204"
		},
		"ExifIFD:FocalPlaneYResolution": {
			"full": "ExifIFD:FocalPlaneYResolution",
			"label": "Focal Plane Y-Resolution",
			"value": "1204",
			"raw_value": "1204"
		},
		"ExifIFD:SensingMethod": {
			"full": "ExifIFD:SensingMethod",
			"label": "Sensing Method",
			"value": "One-chip color area",
			"raw_value": "One-chip color area"
		},
		"ExifIFD:CustomRendered": {
			"full": "ExifIFD:CustomRendered",
			"label": "Custom Rendered",
			"value": "Normal",
			"raw_value": "Normal"
		},
		"ExifIFD:ExposureMode": {
			"full": "ExifIFD:ExposureMode",
			"label": "Exposure Mode",
			"value": "Auto",
			"raw_value": "Auto"
		},
		"ExifIFD:WhiteBalance": {
			"full": "ExifIFD:WhiteBalance",
			"label": "White Balance",
			"value": "Auto",
			"raw_value": "Auto"
		},
		"ExifIFD:SceneCaptureType": {
			"full": "ExifIFD:SceneCaptureType",
			"label": "Scene Capture Type",
			"value": "Standard",
			"raw_value": "Standard"
		},
		"ExifIFD:Sharpness": {
			"full": "ExifIFD:Sharpness",
			"label": "Sharpness",
			"value": "Normal",
			"raw_value": "Normal"
		},
		"ExifIFD:SubjectDistanceRange": {
			"full": "ExifIFD:SubjectDistanceRange",
			"label": "Subject Distance Range",
			"value": "Unknown",
			"raw_value": "Unknown"
		}
	},
	"groups": [

	],
	"albums": [
		{
			"id": "72157605262733525",
			"title": "Norway Expedition 2008",
			"url": "https://www.flickr.com/photos/23603275@N07/sets/72157605262733525/"
		}
	],
	"tags": [
		{
			"tag": "Norway",
			"user": "https://www.flickr.com/photos/23603275@N07/",
			"date_create": "2008-05-26 05:37:47"
		},
		{
			"tag": "Expedition",
			"user": "https://www.flickr.com/photos/23603275@N07/",
			"date_create": "2008-05-26 05:37:47"
		},
		{
			"tag": "2008",
			"user": "https://www.flickr.com/photos/23603275@N07/",
			"date_create": "2008-05-26 05:37:47"
		}
	],
	"people": [

	],
	"notes": [

	],
	"privacy": "public",
	"comment_permissions": "any flickr member",
	"tagging_permissions": "people you follow",
	"safety": "safe",
	"comments": [

	]
}