{
	"id": "2468909980",
	"name": "Logo 7",
	"description": "",
	"count_views": "24",
	"count_faves": "0",
	"count_comments": "0",
	"date_taken": "2008-05-05 12:44:49",
	"count_tags": "4",
	"count_notes": "0",
	"rotation": 0,
	"date_imported": "2008-05-05 12:44:49",
	"photopage": "https://www.flickr.com/photos/23603275@N07/2468909980/",
	"original": "https://live.staticflickr.com/2042/2468909980_9de22eaca2_o.gif",
	"license": "All Rights Reserved",
	"exif": [

	],
	"groups": [

	],
	"albums": [
		{
			"id": "72157604898488224",
			"title": "Poland 2008 Logo Choices",
			"url": "https://www.flickr.com/photos/23603275@N07/sets/72157604898488224/"
		}
	],
	"tags": [
		{
			"tag": "Poland",
			"user": "https://www.flickr.com/photos/23603275@N07/",
			"date_create": "2008-05-05 12:44:49"
		},
		{
			"tag": "2008",
			"user": "https://www.flickr.com/photos/23603275@N07/",
			"date_create": "2008-05-05 12:44:49"
		},
		{
			"tag": "Logo",
			"user": "https://www.flickr.com/photos/23603275@N07/",
			"date_create": "2008-05-05 12:44:49"
		},
		{
			"tag": "Choices",
			"user": "https://www.flickr.com/photos/23603275@N07/",
			"date_create": "2008-05-05 12:44:49"
		}
	],
	"people": [

	],
	"notes": [

	],
	"privacy": "public",
	"comment_permissions": "any flickr member",
	"tagging_permissions": "people you follow",
	"safety": "safe",
	"comments": [

	]
}