{
	"id": "2472529299",
	"name": "Logo 8",
	"description": "",
	"count_views": "49",
	"count_faves": "0",
	"count_comments": "0",
	"date_taken": "2008-05-07 01:25:18",
	"count_tags": "4",
	"count_notes": "0",
	"rotation": 0,
	"date_imported": "2008-05-07 01:25:18",
	"photopage": "https://www.flickr.com/photos/23603275@N07/2472529299/",
	"original": "https://live.staticflickr.com/2233/2472529299_e8c3414b3d_o.jpg",
	"license": "All Rights Reserved",
	"exif": {
		"JFIF:XResolution": {
			"full": "JFIF:XResolution",
			"label": "X-Resolution",
			"value": "96 dpi",
			"raw_value": "96"
		},
		"JFIF:YResolution": {
			"full": "JFIF:YResolution",
			"label": "Y-Resolution",
			"value": "96 dpi",
			"raw_value": "96"
		}
	},
	"groups": [

	],
	"albums": [
		{
			"id": "72157604898488224",
			"title": "Poland 2008 Logo Choices",
			"url": "https://www.flickr.com/photos/23603275@N07/sets/72157604898488224/"
		}
	],
	"tags": [
		{
			"tag": "Poland",
			"user": "https://www.flickr.com/photos/23603275@N07/",
			"date_create": "2008-05-07 01:25:18"
		},
		{
			"tag": "2008",
			"user": "https://www.flickr.com/photos/23603275@N07/",
			"date_create": "2008-05-07 01:25:18"
		},
		{
			"tag": "Logo",
			"user": "https://www.flickr.com/photos/23603275@N07/",
			"date_create": "2008-05-07 01:25:18"
		},
		{
			"tag": "Choices",
			"user": "https://www.flickr.com/photos/23603275@N07/",
			"date_create": "2008-05-07 01:25:18"
		}
	],
	"people": [

	],
	"notes": [

	],
	"privacy": "public",
	"comment_permissions": "any flickr member",
	"tagging_permissions": "people you follow",
	"safety": "safe",
	"comments": [

	]
}