{
	"id": "2446945308",
	"name": "2",
	"description": "Whilst everyone else is deciding what to do, Jim and Charlotte decide to get pitched straight in",
	"count_views": "22",
	"count_faves": "0",
	"count_comments": "0",
	"date_taken": "2008-04-18 20:28:09",
	"count_tags": "0",
	"count_notes": "0",
	"rotation": 0,
	"date_imported": "2008-04-27 13:15:46",
	"photopage": "https://www.flickr.com/photos/23603275@N07/2446945308/",
	"original": "https://live.staticflickr.com/3121/2446945308_e9300d4bf3_o.jpg",
	"license": "All Rights Reserved",
	"exif": {
		"IFD0:Compression": {
			"full": "IFD0:Compression",
			"label": "Compression",
			"value": "JPEG (old-style)",
			"raw_value": "JPEG (old-style)"
		},
		"IFD0:Orientation": {
			"full": "IFD0:Orientation",
			"label": "Orientation",
			"value": "Horizontal (normal)",
			"raw_value": "Horizontal (normal)"
		},
		"IFD0:XResolution": {
			"full": "IFD0:XResolution",
			"label": "X-Resolution",
			"value": "230 dpi",
			"raw_value": "230"
		},
		"IFD0:YResolution": {
			"full": "IFD0:YResolution",
			"label": "Y-Resolution",
			"value": "230 dpi",
			"raw_value": "230"
		},
		"IFD0:Software": {
			"full": "IFD0:Software",
			"label": "Software",
			"value": "Version 1.0100",
			"raw_value": "Version 1.0100"
		},
		"IFD0:YCbCrPositioning": {
			"full": "IFD0:YCbCrPositioning",
			"label": "YCbCr Positioning",
			"value": "Co-sited",
			"raw_value": "Co-sited"
		},
		"ExifIFD:ExposureTime": {
			"full": "ExifIFD:ExposureTime",
			"label": "Exposure",
			"value": "0.017 sec (1/60)",
			"raw_value": "1/60"
		},
		"ExifIFD:FNumber": {
			"full": "ExifIFD:FNumber",
			"label": "Aperture",
			"value": "f/4.5",
			"raw_value": "4.5"
		},
		"ExifIFD:ExposureProgram": {
			"full": "ExifIFD:ExposureProgram",
			"label": "Exposure Program",
			"value": "Program AE",
			"raw_value": "Program AE"
		},
		"ExifIFD:ISO": {
			"full": "ExifIFD:ISO",
			"label": "ISO Speed",
			"value": "140",
			"raw_value": "140"
		},
		"ExifIFD:DateTimeOriginal": {
			"full": "ExifIFD:DateTimeOriginal",
			"label": "Date and Time (Original)",
			"value": "2008:04:18 20:28:09",
			"raw_value": "2008:04:18 20:28:09"
		},
		"ExifIFD:CreateDate": {
			"full": "ExifIFD:CreateDate",
			"label": "Date and Time (Digitized)",
			"value": "2008:04:18 20:28:09",
			"raw_value": "2008:04:18 20:28:09"
		},
		"ExifIFD:CompressedBitsPerPixel": {
			"full": "ExifIFD:CompressedBitsPerPixel",
			"label": "Compressed Bits Per Pixel",
			"value": "1.68",
			"raw_value": "1.68"
		},
		"ExifIFD:ExposureCompensation": {
			"full": "ExifIFD:ExposureCompensation",
			"label": "Exposure Bias",
			"value": "0 EV",
			"raw_value": "0"
		},
		"ExifIFD:MaxApertureValue": {
			"full": "ExifIFD:MaxApertureValue",
			"label": "Max Aperture Value",
			"value": "4.5",
			"raw_value": "4.5"
		},
		"ExifIFD:MeteringMode": {
			"full": "ExifIFD:MeteringMode",
			"label": "Metering Mode",
			"value": "Center-weighted average",
			"raw_value": "Center-weighted average"
		},
		"ExifIFD:Flash": {
			"full": "ExifIFD:Flash",
			"label": "Flash",
			"value": "Auto, Fired",
			"raw_value": "Auto, Fired"
		},
		"ExifIFD:FocalLength": {
			"full": "ExifIFD:FocalLength",
			"label": "Focal Length",
			"value": "5 mm",
			"raw_value": "5.0 mm"
		},
		"ExifIFD:ColorSpace": {
			"full": "ExifIFD:ColorSpace",
			"label": "Color Space",
			"value": "sRGB",
			"raw_value": "sRGB"
		},
		"ExifIFD:ExposureIndex": {
			"full": "ExifIFD:ExposureIndex",
			"label": "Exposure Index",
			"value": "140",
			"raw_value": "140"
		},
		"ExifIFD:SensingMethod": {
			"full": "ExifIFD:SensingMethod",
			"label": "Sensing Method",
			"value": "One-chip color area",
			"raw_value": "One-chip color area"
		},
		"ExifIFD:CustomRendered": {
			"full": "ExifIFD:CustomRendered",
			"label": "Custom Rendered",
			"value": "Normal",
			"raw_value": "Normal"
		},
		"ExifIFD:ExposureMode": {
			"full": "ExifIFD:ExposureMode",
			"label": "Exposure Mode",
			"value": "Auto",
			"raw_value": "Auto"
		},
		"ExifIFD:WhiteBalance": {
			"full": "ExifIFD:WhiteBalance",
			"label": "White Balance",
			"value": "Auto",
			"raw_value": "Auto"
		},
		"ExifIFD:DigitalZoomRatio": {
			"full": "ExifIFD:DigitalZoomRatio",
			"label": "Digital Zoom Ratio",
			"value": "0",
			"raw_value": "0"
		},
		"ExifIFD:FocalLengthIn35mmFormat": {
			"full": "ExifIFD:FocalLengthIn35mmFormat",
			"label": "Focal Length (35mm format)",
			"value": "38 mm",
			"raw_value": "38 mm"
		},
		"ExifIFD:SceneCaptureType": {
			"full": "ExifIFD:SceneCaptureType",
			"label": "Scene Capture Type",
			"value": "Standard",
			"raw_value": "Standard"
		},
		"ExifIFD:GainControl": {
			"full": "ExifIFD:GainControl",
			"label": "Gain Control",
			"value": "None",
			"raw_value": "None"
		},
		"ExifIFD:Contrast": {
			"full": "ExifIFD:Contrast",
			"label": "Contrast",
			"value": "Normal",
			"raw_value": "Normal"
		},
		"ExifIFD:Saturation": {
			"full": "ExifIFD:Saturation",
			"label": "Saturation",
			"value": "Normal",
			"raw_value": "Normal"
		},
		"ExifIFD:Sharpness": {
			"full": "ExifIFD:Sharpness",
			"label": "Sharpness",
			"value": "Normal",
			"raw_value": "Normal"
		},
		"ExifIFD:SubjectDistanceRange": {
			"full": "ExifIFD:SubjectDistanceRange",
			"label": "Subject Distance Range",
			"value": "Unknown",
			"raw_value": "Unknown"
		}
	},
	"groups": [

	],
	"albums": [
		{
			"id": "72157604759944670",
			"title": "Poland Training Weekend 18th-20th April",
			"url": "https://www.flickr.com/photos/23603275@N07/sets/72157604759944670/"
		}
	],
	"tags": [

	],
	"people": [

	],
	"notes": [

	],
	"privacy": "public",
	"comment_permissions": "any flickr member",
	"tagging_permissions": "people you follow",
	"safety": "safe",
	"comments": [

	]
}