{
	"id": "2301275227",
	"name": "chairs",
	"description": "The four stalwarts who have taken on the job of Chairperson of Borders Exploration Group.",
	"count_views": "22",
	"count_faves": "0",
	"count_comments": "0",
	"date_taken": "2008-03-01 03:08:29",
	"count_tags": "3",
	"count_notes": "0",
	"rotation": 0,
	"date_imported": "2008-03-01 03:08:29",
	"photopage": "https://www.flickr.com/photos/23603275@N07/2301275227/",
	"original": "https://live.staticflickr.com/2201/2301275227_d678d9e8be_o.jpg",
	"license": "All Rights Reserved",
	"exif": {
		"JFIF:XResolution": {
			"full": "JFIF:XResolution",
			"label": "X-Resolution",
			"value": "1",
			"raw_value": "1"
		},
		"JFIF:YResolution": {
			"full": "JFIF:YResolution",
			"label": "Y-Resolution",
			"value": "1",
			"raw_value": "1"
		}
	},
	"groups": [

	],
	"albums": [

	],
	"tags": [
		{
			"tag": "BEG",
			"user": "https://www.flickr.com/photos/23603275@N07/",
			"date_create": "2008-03-01 03:08:29"
		},
		{
			"tag": "Anniversary",
			"user": "https://www.flickr.com/photos/23603275@N07/",
			"date_create": "2008-03-01 03:08:29"
		},
		{
			"tag": "Ball",
			"user": "https://www.flickr.com/photos/23603275@N07/",
			"date_create": "2008-03-01 03:08:29"
		}
	],
	"people": [

	],
	"notes": [

	],
	"privacy": "public",
	"comment_permissions": "any flickr member",
	"tagging_permissions": "people you follow",
	"safety": "safe",
	"comments": [

	]
}