{
	"id": "6967802684",
	"name": "IMG_1898",
	"description": "",
	"count_views": "127",
	"count_faves": "0",
	"count_comments": "0",
	"date_taken": "2012-03-25 13:19:31",
	"count_tags": "0",
	"count_notes": "0",
	"rotation": 0,
	"date_imported": "2012-04-25 14:23:07",
	"photopage": "https://www.flickr.com/photos/23603275@N07/6967802684/",
	"original": "https://live.staticflickr.com/5447/6967802684_135eecb6d3_o.jpg",
	"license": "All Rights Reserved",
	"exif": {
		"JFIFVersion": "1.01",
		"ResolutionUnit": "inches",
		"XResolution": "180 dpi",
		"YResolution": "180 dpi",
		"Make": "Canon",
		"Model": "Canon DIGITAL IXUS 970 IS",
		"Orientation": "Horizontal (normal)",
		"Software": "Microsoft Windows Photo Viewer 6.1.7600.16385",
		"ModifyDate": "2012:04:25 22:00:29",
		"YCbCrPositioning": "Centered",
		"Padding": "(Binary data 2060 bytes, use -b option to extract)",
		"ExposureTime": "0.01 sec (1/100)",
		"FNumber": "f/9.0",
		"ISO": "80",
		"ExifVersion": "0220",
		"DateTimeOriginal": "2012:03:25 13:19:31",
		"CreateDate": "2012:03:25 13:19:31",
		"ComponentsConfiguration": "Y, Cb, Cr, -",
		"CompressedBitsPerPixel": "2",
		"ExposureCompensation": "0 EV",
		"MaxApertureValue": "3.2",
		"MeteringMode": "Evaluative",
		"Flash": "Auto, Did not fire",
		"FocalLength": "6.6 mm",
		"FlashpixVersion": "0100",
		"ColorSpace": "sRGB",
		"FocalPlaneXResolution": "15136.92946 dpi",
		"FocalPlaneYResolution": "15116.0221 dpi",
		"FocalPlaneResolutionUnit": "inches",
		"SensingMethod": "One-chip color area",
		"FileSource": "Digital Camera",
		"CustomRendered": "Normal",
		"ExposureMode": "Auto",
		"WhiteBalance": "Auto",
		"DigitalZoomRatio": "1",
		"SceneCaptureType": "Standard",
		"OffsetSchema": "4208",
		"MacroMode": "Normal",
		"SelfTimer": "Off",
		"Quality": "Normal",
		"CanonFlashMode": "Red-eye reduction (Auto)",
		"ContinuousDrive": "Single",
		"FocusMode": "Single",
		"RecordMode": "JPEG",
		"CanonImageSize": "Large",
		"EasyMode": "Full auto",
		"DigitalZoom": "None",
		"Contrast": "Normal",
		"Saturation": "Normal",
		"Sharpness": "0",
		"CameraISO": "Auto",
		"FocusRange": "Auto",
		"AFPoint": "Face Detect",
		"CanonExposureMode": "Easy",
		"LensType": "Unknown (-1)",
		"LongFocal": "33 mm",
		"ShortFocal": "6.6 mm",
		"FocalUnits": "1000/mm",
		"MaxAperture": "3.2",
		"MinAperture": "9",
		"FlashBits": "(none)",
		"FocusContinuous": "Single",
		"AESetting": "Normal AE",
		"ImageStabilization": "On",
		"ZoomSourceWidth": "3648",
		"ZoomTargetWidth": "3648",
		"SpotMeteringMode": "Center",
		"ManualFlashOutput": "n/a",
		"FocalType": "Zoom",
		"FocalPlaneXSize": "6.27 mm",
		"FocalPlaneYSize": "4.70 mm",
		"AutoISO": "75",
		"BaseISO": "100",
		"MeasuredEV": "9.56",
		"TargetAperture": "9",
		"TargetExposureTime": "1/101",
		"SlowShutter": "Off",
		"SequenceNumber": "0",
		"OpticalZoomCode": "0",
		"FlashGuideNumber": "0",
		"FlashExposureComp": "0",
		"AutoExposureBracketing": "Off",
		"AEBBracketValue": "0",
		"ControlMode": "Camera Local Control",
		"FocusDistanceUpper": "4.51",
		"FocusDistanceLower": "0",
		"BulbDuration": "0",
		"CameraType": "Compact",
		"AutoRotate": "Rotate 270 CW",
		"NDFilter": "Off",
		"SelfTimer2": "0",
		"FlashOutput": "0",
		"CanonImageType": "IMG:DIGITAL IXUS 970 IS JPEG",
		"CanonFirmwareVersion": "Firmware Version 1.00",
		"FileNumber": "100-1898",
		"CanonModelID": "PowerShot SD890 IS / Digital IXUS 970 IS / IXY Digital 820 IS",
		"AFMode": "Multi-point AF",
		"NumAFPoints": "9",
		"ValidAFPoints": "9",
		"CanonImageWidth": "3648",
		"CanonImageHeight": "2736",
		"AFImageWidth": "100",
		"AFImageHeight": "100",
		"AFAreaWidths": "18 18 18 18 18 18 18 18 18",
		"AFAreaHeights": "18 18 18 18 18 18 18 18 18",
		"AFAreaXPositions": "-18 0 18 -18 0 18 -18 0 18",
		"AFAreaYPositions": "-18 -18 -18 0 0 0 18 18 18",
		"AFPointsInFocus": "1",
		"PrimaryAFPoint": "1",
		"ThumbnailImageValidArea": "0 0 0 0",
		"DateStampMode": "Off",
		"MyColorMode": "Off",
		"FirmwareRevision": "1.00 rev 3.00",
		"Categories": "(none)",
		"ImageUniqueID": "826d1484b0d18157b6fad09384e4b949",
		"VRDOffset": "0",
		"InteropIndex": "R98 - DCF basic file (sRGB)",
		"InteropVersion": "0100",
		"RelatedImageWidth": "3648",
		"RelatedImageHeight": "2736",
		"Compression": "JPEG (old-style)",
		"ThumbnailOffset": "7616",
		"ThumbnailLength": "4640",
		"About": "uuid:faf5bdd5-ba3d-11da-ad31-d33d75182f1b",
		"CreatorTool": "Microsoft Windows Photo Viewer 6.1.7600.16385"
	},
	"groups": [

	],
	"albums": [
		{
			"id": "72157629900176401",
			"title": "Cuba training weekend 5",
			"url": "https://www.flickr.com/photos/23603275@N07/sets/72157629900176401/"
		}
	],
	"tags": [

	],
	"people": [

	],
	"notes": [

	],
	"privacy": "public",
	"comment_permissions": "any flickr member",
	"tagging_permissions": "people you follow",
	"safety": "safe",
	"comments": [

	]
}