{
	"id": "2301569069",
	"name": "DSC_0017",
	"description": "",
	"count_views": "5",
	"count_faves": "0",
	"count_comments": "0",
	"date_taken": "2008-03-01 06:50:40",
	"count_tags": "1",
	"count_notes": "0",
	"rotation": 0,
	"date_imported": "2008-03-01 06:50:40",
	"photopage": "https://www.flickr.com/photos/23603275@N07/2301569069/",
	"original": "https://live.staticflickr.com/2392/2301569069_ceb3d86398_o.jpg",
	"license": "All Rights Reserved",
	"exif": [

	],
	"groups": [

	],
	"albums": [

	],
	"tags": [
		{
			"tag": "Zambia",
			"user": "https://www.flickr.com/photos/23603275@N07/",
			"date_create": "2008-03-01 06:50:40"
		}
	],
	"people": [

	],
	"notes": [

	],
	"privacy": "public",
	"comment_permissions": "any flickr member",
	"tagging_permissions": "people you follow",
	"safety": "safe",
	"comments": [

	]
}