{
	"id": "4353866291",
	"name": "100_4618",
	"description": "",
	"count_views": "54",
	"count_faves": "0",
	"count_comments": "0",
	"date_taken": "2010-01-24 15:03:44",
	"count_tags": "10",
	"count_notes": "0",
	"rotation": 0,
	"date_imported": "2010-02-13 12:55:15",
	"photopage": "https://www.flickr.com/photos/23603275@N07/4353866291/",
	"original": "https://live.staticflickr.com/2685/4353866291_f1369a9fbb_o.jpg",
	"license": "All Rights Reserved",
	"exif": {
		"JFIFVersion": "1.01",
		"ResolutionUnit": "inches",
		"XResolution": "1",
		"YResolution": "1",
		"Make": "EASTMAN KODAK COMPANY",
		"Model": "KODAK EASYSHARE C813 ZOOM DIGITAL CAMERA",
		"Software": "picnik.com",
		"YCbCrPositioning": "Centered",
		"ExposureTime": "0.016 sec (1/64)",
		"FNumber": "f/2.7",
		"ExposureProgram": "Program AE",
		"ISO": "200",
		"ExifVersion": "0221",
		"DateTimeOriginal": "2010:01:24 15:03:44",
		"CreateDate": "2010:01:24 15:03:44",
		"ComponentsConfiguration": "Y, Cb, Cr, -",
		"ExposureCompensation": "0 EV",
		"MaxApertureValue": "2.7",
		"MeteringMode": "Multi-segment",
		"LightSource": "Unknown",
		"Flash": "Auto, Fired",
		"FocalLength": "6 mm",
		"FlashpixVersion": "0100",
		"ColorSpace": "sRGB",
		"ExposureIndex": "200",
		"SensingMethod": "One-chip color area",
		"FileSource": "Digital Camera",
		"SceneType": "Directly photographed",
		"CustomRendered": "Normal",
		"ExposureMode": "Auto",
		"WhiteBalance": "Auto",
		"DigitalZoomRatio": "0",
		"FocalLengthIn35mmFormat": "36 mm",
		"SceneCaptureType": "Standard",
		"GainControl": "High gain up",
		"Contrast": "Normal",
		"Saturation": "Normal",
		"Sharpness": "Normal",
		"SubjectDistanceRange": "Unknown",
		"SerialNumber": "C813 161242128",
		"Compression": "JPEG (old-style)",
		"Orientation": "Horizontal (normal)",
		"CreatorTool": "picnik.com"
	},
	"groups": [

	],
	"albums": [
		{
			"id": "72157623303669357",
			"title": "Chile Training Weekend Four",
			"url": "https://www.flickr.com/photos/23603275@N07/sets/72157623303669357/"
		}
	],
	"tags": [
		{
			"tag": "Borders",
			"user": "https://www.flickr.com/photos/23603275@N07/",
			"date_create": "2010-02-13 12:55:15"
		},
		{
			"tag": "Exploration",
			"user": "https://www.flickr.com/photos/23603275@N07/",
			"date_create": "2010-02-13 12:55:15"
		},
		{
			"tag": "Group",
			"user": "https://www.flickr.com/photos/23603275@N07/",
			"date_create": "2010-02-13 12:55:15"
		},
		{
			"tag": "Chile",
			"user": "https://www.flickr.com/photos/23603275@N07/",
			"date_create": "2010-02-13 12:55:15"
		},
		{
			"tag": "Expedition",
			"user": "https://www.flickr.com/photos/23603275@N07/",
			"date_create": "2010-02-13 12:55:15"
		},
		{
			"tag": "2010",
			"user": "https://www.flickr.com/photos/23603275@N07/",
			"date_create": "2010-02-13 12:55:15"
		},
		{
			"tag": "Training",
			"user": "https://www.flickr.com/photos/23603275@N07/",
			"date_create": "2010-02-13 12:55:15"
		},
		{
			"tag": "Weekend",
			"user": "https://www.flickr.com/photos/23603275@N07/",
			"date_create": "2010-02-13 12:55:15"
		},
		{
			"tag": "Four",
			"user": "https://www.flickr.com/photos/23603275@N07/",
			"date_create": "2010-02-13 12:55:15"
		},
		{
			"tag": "Lindean",
			"user": "https://www.flickr.com/photos/23603275@N07/",
			"date_create": "2010-02-13 12:55:15"
		}
	],
	"people": [

	],
	"notes": [

	],
	"privacy": "public",
	"comment_permissions": "any flickr member",
	"tagging_permissions": "people you follow",
	"safety": "safe",
	"comments": [

	]
}