{
	"id": "3884136343",
	"name": "Heading up",
	"description": "",
	"count_views": "50",
	"count_faves": "0",
	"count_comments": "0",
	"date_taken": "2009-08-01 19:32:19",
	"count_tags": "0",
	"count_notes": "0",
	"rotation": 0,
	"date_imported": "2009-09-03 10:08:40",
	"photopage": "https://www.flickr.com/photos/23603275@N07/3884136343/",
	"original": "https://live.staticflickr.com/2486/3884136343_4eb1cfdc6c_o.jpg",
	"license": "All Rights Reserved",
	"exif": {
		"JFIFVersion": "1.02",
		"ResolutionUnit": "inches",
		"XResolution": "72 dpi",
		"YResolution": "72 dpi",
		"Make": "FUJIFILM",
		"Model": "FinePix S9600  ",
		"Orientation": "Horizontal (normal)",
		"Software": "Adobe Photoshop CS4 Macintosh",
		"ModifyDate": "2009:09:03 17:44:30",
		"YCbCrPositioning": "Co-sited",
		"ExposureTime": "0.033 sec (1/30)",
		"FNumber": "f/4.0",
		"ExposureProgram": "Manual",
		"ISO": "80",
		"ExifVersion": "0220",
		"DateTimeOriginal": "2009:08:01 19:32:19+01:00",
		"CreateDate": "2009:08:01 19:32:19",
		"ComponentsConfiguration": "YCbCr",
		"CompressedBitsPerPixel": "2",
		"BrightnessValue": "2",
		"ExposureCompensation": "0 EV",
		"MaxApertureValue": "2.8",
		"MeteringMode": "Spot",
		"LightSource": "Unknown",
		"Flash": "Off, Did not fire",
		"FocalLength": "19 mm",
		"FlashpixVersion": "0100",
		"ColorSpace": "sRGB",
		"FocalPlaneXResolution": "4482",
		"FocalPlaneYResolution": "4482",
		"FocalPlaneResolutionUnit": "cm",
		"SensingMethod": "One-chip color area",
		"FileSource": "Digital Camera",
		"SceneType": "Directly photographed",
		"CustomRendered": "Normal",
		"ExposureMode": "Manual",
		"WhiteBalance": "Auto",
		"SceneCaptureType": "Standard",
		"Contrast": "Normal",
		"Saturation": "Normal",
		"Sharpness": "Normal",
		"SubjectDistanceRange": "Distant",
		"InteropIndex": "R98 - DCF basic file (sRGB)",
		"InteropVersion": "0100",
		"Compression": "JPEG (old-style)",
		"ThumbnailOffset": "1020",
		"ThumbnailLength": "7890",
		"ApplicationRecordVersion": "0",
		"IPTCDigest": "5a1d73c51d9d6ce98fdc0dd244b1cedb",
		"DisplayedUnitsX": "inches",
		"DisplayedUnitsY": "inches",
		"GlobalAngle": "30",
		"GlobalAltitude": "30",
		"PhotoshopThumbnail": "(Binary data 7890 bytes, use -b option to extract)",
		"PhotoshopQuality": "6",
		"PhotoshopFormat": "Standard",
		"ProgressiveScans": "3 Scans",
		"CreatorTool": "Digital Camera FinePix S9600   Ver1.00",
		"MetadataDate": "2009:09:03 17:44:30+01:00",
		"NativeDigest": "36864,40960,40961,37121,37122,40962,40963,37510,40964,36867,36868,33434,33437,34850,34852,34855,34856,37377,37378,37379,37380,37381,37382,37383,37384,37385,37386,37396,41483,41484,41486,41487,41488,41492,41493,41495,41728,41729,41730,41985,41986,41987,41988,41989,41990,41991,41992,41993,41994,41995,41996,42016,0,2,4,5,6,7,8,9,10,11,12,13,14,15,16,17,18,20,22,23,24,25,26,27,28,30;EEEC0D7FCADF0697F9F1AE52535FBCA0",
		"Format": "image/jpeg",
		"ColorMode": "3",
		"ICCProfileName": "sRGB IEC61966-2.1",
		"InstanceID": "xmp.iid:FC7F117407206811B840A1712DC16581",
		"DocumentID": "xmp.did:FB7F117407206811B840A1712DC16581",
		"OriginalDocumentID": "xmp.did:FB7F117407206811B840A1712DC16581",
		"HistoryAction": "created",
		"HistoryInstanceID": "xmp.iid:FB7F117407206811B840A1712DC16581",
		"HistoryWhen": "2009:09:03 17:44:30+01:00",
		"HistorySoftwareAgent": "Adobe Photoshop CS4 Macintosh",
		"HistoryChanged": "/",
		"ViewingCondIlluminant": "19.6445 20.3718 16.8089",
		"ViewingCondSurround": "3.92889 4.07439 3.36179",
		"ViewingCondIlluminantType": "D50",
		"MeasurementObserver": "CIE 1931",
		"MeasurementBacking": "0 0 0",
		"MeasurementGeometry": "Unknown (0)",
		"MeasurementFlare": "0.999%",
		"MeasurementIlluminant": "D65",
		"DCTEncodeVersion": "100",
		"APP14Flags0": "Encoded with Blend=1 downsampling",
		"APP14Flags1": "(none)",
		"ColorTransform": "YCbCr",
		"FlashReturn": "No return detection",
		"FlashMode": "Off",
		"FlashFunction": "False",
		"FlashRedEyeMode": "False"
	},
	"groups": [

	],
	"albums": [
		{
			"id": "72157622228392886",
			"title": "Three Brethren Sunset Walk",
			"url": "https://www.flickr.com/photos/23603275@N07/sets/72157622228392886/"
		}
	],
	"tags": [

	],
	"people": [

	],
	"notes": [

	],
	"privacy": "public",
	"comment_permissions": "any flickr member",
	"tagging_permissions": "people you follow",
	"safety": "safe",
	"comments": [

	]
}