{
	"id": "2301275529",
	"name": "cake",
	"description": "Our cake showing the flags of the 4 countries visited by the International Expeditions to date.",
	"count_views": "52",
	"count_faves": "0",
	"count_comments": "0",
	"date_taken": "2008-03-01 03:08:43",
	"count_tags": "3",
	"count_notes": "0",
	"rotation": 0,
	"date_imported": "2008-03-01 03:08:43",
	"photopage": "https://www.flickr.com/photos/23603275@N07/2301275529/",
	"original": "https://live.staticflickr.com/3142/2301275529_b26333213e_o.jpg",
	"license": "All Rights Reserved",
	"exif": {
		"JFIF:XResolution": {
			"full": "JFIF:XResolution",
			"label": "X-Resolution",
			"value": "144 dpi",
			"raw_value": "144"
		},
		"JFIF:YResolution": {
			"full": "JFIF:YResolution",
			"label": "Y-Resolution",
			"value": "144 dpi",
			"raw_value": "144"
		}
	},
	"groups": [

	],
	"albums": [

	],
	"tags": [
		{
			"tag": "BEG",
			"user": "https://www.flickr.com/photos/23603275@N07/",
			"date_create": "2008-03-01 03:08:43"
		},
		{
			"tag": "Anniversary",
			"user": "https://www.flickr.com/photos/23603275@N07/",
			"date_create": "2008-03-01 03:08:43"
		},
		{
			"tag": "Ball",
			"user": "https://www.flickr.com/photos/23603275@N07/",
			"date_create": "2008-03-01 03:08:43"
		}
	],
	"people": [

	],
	"notes": [

	],
	"privacy": "public",
	"comment_permissions": "any flickr member",
	"tagging_permissions": "people you follow",
	"safety": "safe",
	"comments": [

	]
}