{
	"id": "6967763756",
	"name": "IMG_1855",
	"description": "",
	"count_views": "80",
	"count_faves": "0",
	"count_comments": "0",
	"date_taken": "2012-01-22 12:00:07",
	"count_tags": "0",
	"count_notes": "0",
	"rotation": 0,
	"date_imported": "2012-04-25 14:07:55",
	"photopage": "https://www.flickr.com/photos/23603275@N07/6967763756/",
	"original": "https://live.staticflickr.com/7076/6967763756_0a53816b4f_o.jpg",
	"license": "All Rights Reserved",
	"exif": {
		"Make": "Canon",
		"Model": "Canon DIGITAL IXUS 970 IS",
		"Orientation": "Horizontal (normal)",
		"XResolution": "180 dpi",
		"YResolution": "180 dpi",
		"ResolutionUnit": "inches",
		"ModifyDate": "2012:01:22 12:00:07",
		"YCbCrPositioning": "Centered",
		"ExposureTime": "0.017 sec (1/60)",
		"FNumber": "f/3.2",
		"ISO": "100",
		"ExifVersion": "0220",
		"DateTimeOriginal": "2012:01:22 12:00:07",
		"CreateDate": "2012:01:22 12:00:07",
		"ComponentsConfiguration": "Y, Cb, Cr, -",
		"CompressedBitsPerPixel": "2",
		"ExposureCompensation": "0 EV",
		"MaxApertureValue": "3.2",
		"MeteringMode": "Evaluative",
		"Flash": "Auto, Did not fire",
		"FocalLength": "6.6 mm",
		"FlashpixVersion": "0100",
		"ColorSpace": "sRGB",
		"FocalPlaneXResolution": "15136.92946 dpi",
		"FocalPlaneYResolution": "15116.0221 dpi",
		"FocalPlaneResolutionUnit": "inches",
		"SensingMethod": "One-chip color area",
		"FileSource": "Digital Camera",
		"CustomRendered": "Normal",
		"ExposureMode": "Auto",
		"WhiteBalance": "Auto",
		"DigitalZoomRatio": "1",
		"SceneCaptureType": "Standard",
		"MacroMode": "Normal",
		"SelfTimer": "Off",
		"Quality": "Normal",
		"CanonFlashMode": "Red-eye reduction (Auto)",
		"ContinuousDrive": "Single",
		"FocusMode": "Single",
		"RecordMode": "JPEG",
		"CanonImageSize": "Large",
		"EasyMode": "Full auto",
		"DigitalZoom": "None",
		"Contrast": "Normal",
		"Saturation": "Normal",
		"Sharpness": "0",
		"CameraISO": "Auto",
		"FocusRange": "Auto",
		"AFPoint": "Face Detect",
		"CanonExposureMode": "Easy",
		"LensType": "Unknown (-1)",
		"LongFocal": "33 mm",
		"ShortFocal": "6.6 mm",
		"FocalUnits": "1000/mm",
		"MaxAperture": "3.2",
		"MinAperture": "9",
		"FlashBits": "(none)",
		"FocusContinuous": "Single",
		"AESetting": "Normal AE",
		"ImageStabilization": "On",
		"ZoomSourceWidth": "3648",
		"ZoomTargetWidth": "3648",
		"SpotMeteringMode": "Center",
		"ManualFlashOutput": "n/a",
		"FocalType": "Zoom",
		"FocalPlaneXSize": "6.27 mm",
		"FocalPlaneYSize": "4.70 mm",
		"AutoISO": "94",
		"BaseISO": "100",
		"MeasuredEV": "10.19",
		"TargetAperture": "3.2",
		"TargetExposureTime": "1/60",
		"SlowShutter": "Off",
		"SequenceNumber": "0",
		"OpticalZoomCode": "0",
		"FlashGuideNumber": "0",
		"FlashExposureComp": "0",
		"AutoExposureBracketing": "Off",
		"AEBBracketValue": "0",
		"ControlMode": "Camera Local Control",
		"FocusDistanceUpper": "5.29 m",
		"FocusDistanceLower": "0 m",
		"BulbDuration": "0",
		"CameraType": "Compact",
		"AutoRotate": "None",
		"NDFilter": "Off",
		"SelfTimer2": "0",
		"FlashOutput": "0",
		"CanonImageType": "IMG:DIGITAL IXUS 970 IS JPEG",
		"CanonFirmwareVersion": "Firmware Version 1.00",
		"FileNumber": "100-1855",
		"Rotation": "0",
		"CameraTemperature": "13 C",
		"CanonModelID": "PowerShot SD890 IS / Digital IXUS 970 IS / IXY Digital 820 IS",
		"AFAreaMode": "Multi-point AF or AI AF",
		"NumAFPoints": "9",
		"ValidAFPoints": "9",
		"CanonImageWidth": "3648",
		"CanonImageHeight": "2736",
		"AFImageWidth": "100",
		"AFImageHeight": "100",
		"AFAreaWidths": "18 18 18 18 18 18 18 18 18",
		"AFAreaHeights": "18 18 18 18 18 18 18 18 18",
		"AFAreaXPositions": "-18 0 18 -18 0 18 -18 0 18",
		"AFAreaYPositions": "-18 -18 -18 0 0 0 18 18 18",
		"AFPointsInFocus": "5,8",
		"PrimaryAFPoint": "5",
		"ThumbnailImageValidArea": "0 0 0 0",
		"DateStampMode": "Off",
		"MyColorMode": "Off",
		"FirmwareRevision": "1.00 rev 3.00",
		"Categories": "(none)",
		"ImageUniqueID": "d76d4c4659d18157b6fad09384e4b949",
		"VRDOffset": "0",
		"InteropIndex": "R98 - DCF basic file (sRGB)",
		"InteropVersion": "0100",
		"RelatedImageWidth": "3648",
		"RelatedImageHeight": "2736",
		"Compression": "JPEG (old-style)",
		"ThumbnailOffset": "5120",
		"ThumbnailLength": "6313"
	},
	"groups": [

	],
	"albums": [
		{
			"id": "72157629900160191",
			"title": "Cuba training weekend 4",
			"url": "https://www.flickr.com/photos/23603275@N07/sets/72157629900160191/"
		}
	],
	"tags": [

	],
	"people": [

	],
	"notes": [

	],
	"privacy": "public",
	"comment_permissions": "any flickr member",
	"tagging_permissions": "people you follow",
	"safety": "safe",
	"comments": [

	]
}