{
	"id": "2264414617",
	"name": "Swimmer",
	"description": "The raft is pretty well swamped, someone is heading off downstream, haven taken the traditional route of falling off the upstream side of the raft and gone underneath it!!\nA second raft appearing at the bottom left of the photo, is trying to get in on the fun.",
	"count_views": "38",
	"count_faves": "0",
	"count_comments": "0",
	"date_taken": "2008-02-14 06:58:17",
	"count_tags": "1",
	"count_notes": "0",
	"rotation": 0,
	"date_imported": "2008-02-14 06:58:17",
	"photopage": "https://www.flickr.com/photos/23603275@N07/2264414617/",
	"original": "https://live.staticflickr.com/2302/2264414617_9b7f0a00a1_o.jpg",
	"license": "All Rights Reserved",
	"exif": {
		"JFIF:XResolution": {
			"full": "JFIF:XResolution",
			"label": "X-Resolution",
			"value": "144 dpi",
			"raw_value": "144"
		},
		"JFIF:YResolution": {
			"full": "JFIF:YResolution",
			"label": "Y-Resolution",
			"value": "144 dpi",
			"raw_value": "144"
		}
	},
	"groups": [

	],
	"albums": [

	],
	"tags": [
		{
			"tag": "Kenya",
			"user": "https://www.flickr.com/photos/23603275@N07/",
			"date_create": "2008-02-14 06:58:17"
		}
	],
	"people": [

	],
	"notes": [

	],
	"privacy": "public",
	"comment_permissions": "any flickr member",
	"tagging_permissions": "people you follow",
	"safety": "safe",
	"comments": [

	]
}