{
	"id": "5081290342",
	"name": "hannah6",
	"description": "",
	"count_views": "0",
	"count_faves": "0",
	"count_comments": "0",
	"date_taken": "2010-05-21 02:56:58",
	"count_tags": "0",
	"count_notes": "0",
	"rotation": 0,
	"date_imported": "2010-10-14 07:12:50",
	"photopage": "https://www.flickr.com/photos/23603275@N07/5081290342/",
	"original": "https://live.staticflickr.com/4018/5081290342_bcedce81d9_o.jpg",
	"license": "All Rights Reserved",
	"exif": {
		"JFIF:XResolution": {
			"full": "JFIF:XResolution",
			"label": "X-Resolution",
			"value": "72 dpi",
			"raw_value": "72"
		},
		"JFIF:YResolution": {
			"full": "JFIF:YResolution",
			"label": "Y-Resolution",
			"value": "72 dpi",
			"raw_value": "72"
		},
		"IFD0:Orientation": {
			"full": "IFD0:Orientation",
			"label": "Orientation",
			"value": "Horizontal (normal)",
			"raw_value": "Horizontal (normal)"
		},
		"IFD0:Software": {
			"full": "IFD0:Software",
			"label": "Software",
			"value": "Digital Camera FinePix S2000HD Ver1.01",
			"raw_value": "Digital Camera FinePix S2000HD Ver1.01"
		},
		"IFD0:ModifyDate": {
			"full": "IFD0:ModifyDate",
			"label": "Date and Time (Modified)",
			"value": "2010:05:21 02:56:58",
			"raw_value": "2010:05:21 02:56:58"
		},
		"IFD0:YCbCrPositioning": {
			"full": "IFD0:YCbCrPositioning",
			"label": "YCbCr Positioning",
			"value": "Centered",
			"raw_value": "Centered"
		},
		"ExifIFD:ExposureTime": {
			"full": "ExifIFD:ExposureTime",
			"label": "Exposure",
			"value": "0.003 sec (1/320)",
			"raw_value": "1/320"
		},
		"ExifIFD:FNumber": {
			"full": "ExifIFD:FNumber",
			"label": "Aperture",
			"value": "f/7.6",
			"raw_value": "7.6"
		},
		"ExifIFD:ExposureProgram": {
			"full": "ExifIFD:ExposureProgram",
			"label": "Exposure Program",
			"value": "Shutter speed priority AE",
			"raw_value": "Shutter speed priority AE"
		},
		"ExifIFD:ISO": {
			"full": "ExifIFD:ISO",
			"label": "ISO Speed",
			"value": "160",
			"raw_value": "160"
		},
		"ExifIFD:DateTimeOriginal": {
			"full": "ExifIFD:DateTimeOriginal",
			"label": "Date and Time (Original)",
			"value": "2010:05:21 02:56:58",
			"raw_value": "2010:05:21 02:56:58"
		},
		"ExifIFD:CreateDate": {
			"full": "ExifIFD:CreateDate",
			"label": "Date and Time (Digitized)",
			"value": "2010:05:21 02:56:58",
			"raw_value": "2010:05:21 02:56:58"
		},
		"ExifIFD:CompressedBitsPerPixel": {
			"full": "ExifIFD:CompressedBitsPerPixel",
			"label": "Compressed Bits Per Pixel",
			"value": "4",
			"raw_value": "4"
		},
		"ExifIFD:BrightnessValue": {
			"full": "ExifIFD:BrightnessValue",
			"label": "Brightness Value",
			"value": "8.2",
			"raw_value": "8.2"
		},
		"ExifIFD:ExposureCompensation": {
			"full": "ExifIFD:ExposureCompensation",
			"label": "Exposure Bias",
			"value": "+0.33 EV",
			"raw_value": "+0.33"
		},
		"ExifIFD:MaxApertureValue": {
			"full": "ExifIFD:MaxApertureValue",
			"label": "Max Aperture Value",
			"value": "3.5",
			"raw_value": "3.5"
		},
		"ExifIFD:MeteringMode": {
			"full": "ExifIFD:MeteringMode",
			"label": "Metering Mode",
			"value": "Multi-segment",
			"raw_value": "Multi-segment"
		},
		"ExifIFD:LightSource": {
			"full": "ExifIFD:LightSource",
			"label": "Light Source",
			"value": "Unknown",
			"raw_value": "Unknown"
		},
		"ExifIFD:Flash": {
			"full": "ExifIFD:Flash",
			"label": "Flash",
			"value": "Off, Did not fire",
			"raw_value": "Off, Did not fire"
		},
		"ExifIFD:FocalLength": {
			"full": "ExifIFD:FocalLength",
			"label": "Focal Length",
			"value": "7.1 mm",
			"raw_value": "7.1 mm"
		},
		"ExifIFD:ColorSpace": {
			"full": "ExifIFD:ColorSpace",
			"label": "Color Space",
			"value": "sRGB",
			"raw_value": "sRGB"
		},
		"ExifIFD:FocalPlaneXResolution": {
			"full": "ExifIFD:FocalPlaneXResolution",
			"label": "Focal Plane X-Resolution",
			"value": "6129",
			"raw_value": "6129"
		},
		"ExifIFD:FocalPlaneYResolution": {
			"full": "ExifIFD:FocalPlaneYResolution",
			"label": "Focal Plane Y-Resolution",
			"value": "6129",
			"raw_value": "6129"
		},
		"ExifIFD:SensingMethod": {
			"full": "ExifIFD:SensingMethod",
			"label": "Sensing Method",
			"value": "One-chip color area",
			"raw_value": "One-chip color area"
		},
		"ExifIFD:CustomRendered": {
			"full": "ExifIFD:CustomRendered",
			"label": "Custom Rendered",
			"value": "Custom",
			"raw_value": "Custom"
		},
		"ExifIFD:ExposureMode": {
			"full": "ExifIFD:ExposureMode",
			"label": "Exposure Mode",
			"value": "Auto",
			"raw_value": "Auto"
		},
		"ExifIFD:WhiteBalance": {
			"full": "ExifIFD:WhiteBalance",
			"label": "White Balance",
			"value": "Auto",
			"raw_value": "Auto"
		},
		"ExifIFD:SceneCaptureType": {
			"full": "ExifIFD:SceneCaptureType",
			"label": "Scene Capture Type",
			"value": "Standard",
			"raw_value": "Standard"
		},
		"ExifIFD:Sharpness": {
			"full": "ExifIFD:Sharpness",
			"label": "Sharpness",
			"value": "Normal",
			"raw_value": "Normal"
		},
		"ExifIFD:SubjectDistanceRange": {
			"full": "ExifIFD:SubjectDistanceRange",
			"label": "Subject Distance Range",
			"value": "Unknown",
			"raw_value": "Unknown"
		}
	},
	"groups": [

	],
	"albums": [
		{
			"id": "72157625162244798",
			"title": "BEG Calendar 2011",
			"url": "https://www.flickr.com/photos/23603275@N07/sets/72157625162244798/"
		}
	],
	"tags": [

	],
	"people": [

	],
	"notes": [

	],
	"privacy": "private",
	"comment_permissions": "any flickr member",
	"tagging_permissions": "people you follow",
	"safety": "safe",
	"comments": [

	]
}