{
	"id": "2293227203",
	"name": "dress",
	"description": "Girls in traditional dress on Amantani Island.\n",
	"count_views": "27",
	"count_faves": "0",
	"count_comments": "0",
	"date_taken": "2008-02-26 06:05:10",
	"count_tags": "1",
	"count_notes": "0",
	"rotation": 0,
	"date_imported": "2008-02-26 06:05:10",
	"photopage": "https://www.flickr.com/photos/23603275@N07/2293227203/",
	"original": "https://live.staticflickr.com/2347/2293227203_96529c7912_o.jpg",
	"license": "All Rights Reserved",
	"exif": {
		"JFIF:XResolution": {
			"full": "JFIF:XResolution",
			"label": "X-Resolution",
			"value": "72 dpi",
			"raw_value": "72"
		},
		"JFIF:YResolution": {
			"full": "JFIF:YResolution",
			"label": "Y-Resolution",
			"value": "72 dpi",
			"raw_value": "72"
		}
	},
	"groups": [

	],
	"albums": [

	],
	"tags": [
		{
			"tag": "Peru",
			"user": "https://www.flickr.com/photos/23603275@N07/",
			"date_create": "2008-02-26 06:05:10"
		}
	],
	"people": [

	],
	"notes": [

	],
	"privacy": "public",
	"comment_permissions": "any flickr member",
	"tagging_permissions": "people you follow",
	"safety": "safe",
	"comments": [

	]
}