{
	"id": "2250197815",
	"name": "24",
	"description": "Very neat chopping!",
	"count_views": "28",
	"count_faves": "0",
	"count_comments": "0",
	"date_taken": "2008-01-20 12:38:29",
	"count_tags": "9",
	"count_notes": "0",
	"rotation": 0,
	"date_imported": "2008-02-08 09:03:55",
	"photopage": "https://www.flickr.com/photos/23603275@N07/2250197815/",
	"original": "https://live.staticflickr.com/2306/2250197815_24b29aca58_o.jpg",
	"license": "All Rights Reserved",
	"exif": {
		"JFIFVersion": "1.01",
		"ResolutionUnit": "inches",
		"XResolution": "72 dpi",
		"YResolution": "72 dpi",
		"Make": "FUJIFILM",
		"Model": "FinePix S304",
		"Orientation": "Horizontal (normal)",
		"Software": "Digital Camera FinePix S304   Ver1.00",
		"ModifyDate": "2008:01:20 12:38:29",
		"YCbCrPositioning": "Co-sited",
		"CustomRendered": "Normal",
		"ExposureMode": "Auto",
		"WhiteBalance": "Auto",
		"SceneCaptureType": "Standard",
		"Sharpness": "Normal",
		"SubjectDistanceRange": "Unknown",
		"ExposureTime": "0.011 sec (1/90)",
		"FNumber": "f/2.8",
		"ExposureProgram": "Program AE",
		"ISO": "100",
		"ExifVersion": "0220",
		"DateTimeOriginal": "2008:01:20 12:38:29",
		"CreateDate": "2008:01:20 12:38:29",
		"ComponentsConfiguration": "Y, Cb, Cr, -",
		"CompressedBitsPerPixel": "1.5",
		"BrightnessValue": "4.6",
		"ExposureCompensation": "0 EV",
		"MaxApertureValue": "2.8",
		"MeteringMode": "Multi-segment",
		"LightSource": "Unknown",
		"Flash": "Off, Did not fire",
		"FocalLength": "6 mm",
		"FlashpixVersion": "0100",
		"ColorSpace": "sRGB",
		"FocalPlaneXResolution": "3884",
		"FocalPlaneYResolution": "3884",
		"FocalPlaneResolutionUnit": "cm",
		"SensingMethod": "One-chip color area",
		"FileSource": "Digital Camera",
		"SceneType": "Directly photographed",
		"Compression": "JPEG (old-style)",
		"ThumbnailOffset": "942",
		"ThumbnailLength": "10725"
	},
	"groups": [

	],
	"albums": [
		{
			"id": "72157603873905715",
			"title": "Poland Venturers Selection Day",
			"url": "https://www.flickr.com/photos/23603275@N07/sets/72157603873905715/"
		}
	],
	"tags": [
		{
			"tag": "Borders",
			"user": "https://www.flickr.com/photos/23603275@N07/",
			"date_create": "2008-02-08 09:03:55"
		},
		{
			"tag": "Exploration",
			"user": "https://www.flickr.com/photos/23603275@N07/",
			"date_create": "2008-02-08 09:03:55"
		},
		{
			"tag": "Group",
			"user": "https://www.flickr.com/photos/23603275@N07/",
			"date_create": "2008-02-08 09:03:55"
		},
		{
			"tag": "Poland",
			"user": "https://www.flickr.com/photos/23603275@N07/",
			"date_create": "2008-02-08 09:03:55"
		},
		{
			"tag": "Expedition",
			"user": "https://www.flickr.com/photos/23603275@N07/",
			"date_create": "2008-02-08 09:03:55"
		},
		{
			"tag": "Venturers",
			"user": "https://www.flickr.com/photos/23603275@N07/",
			"date_create": "2008-02-08 09:03:55"
		},
		{
			"tag": "Selection",
			"user": "https://www.flickr.com/photos/23603275@N07/",
			"date_create": "2008-02-08 09:03:55"
		},
		{
			"tag": "Day",
			"user": "https://www.flickr.com/photos/23603275@N07/",
			"date_create": "2008-02-08 09:03:55"
		},
		{
			"tag": "2008",
			"user": "https://www.flickr.com/photos/23603275@N07/",
			"date_create": "2008-02-08 09:03:55"
		}
	],
	"people": [

	],
	"notes": [

	],
	"privacy": "public",
	"comment_permissions": "any flickr member",
	"tagging_permissions": "people you follow",
	"safety": "safe",
	"comments": [

	]
}