{
	"id": "5081306040",
	"name": "39512_1533149338440_1525997356_31349812_2388630_n",
	"description": "",
	"count_views": "0",
	"count_faves": "0",
	"count_comments": "1",
	"date_taken": "2010-10-14 07:19:58",
	"count_tags": "1",
	"count_notes": "0",
	"rotation": 0,
	"date_imported": "2010-10-14 07:19:58",
	"photopage": "https://www.flickr.com/photos/23603275@N07/5081306040/",
	"original": "https://live.staticflickr.com/4011/5081306040_1bb7c0894b_o.jpg",
	"license": "All Rights Reserved",
	"exif": {
		"JFIF:XResolution": {
			"full": "JFIF:XResolution",
			"label": "X-Resolution",
			"value": "72 dpi",
			"raw_value": "72"
		},
		"JFIF:YResolution": {
			"full": "JFIF:YResolution",
			"label": "Y-Resolution",
			"value": "72 dpi",
			"raw_value": "72"
		}
	},
	"groups": [

	],
	"albums": [
		{
			"id": "72157625162244798",
			"title": "BEG Calendar 2011",
			"url": "https://www.flickr.com/photos/23603275@N07/sets/72157625162244798/"
		}
	],
	"tags": [
		{
			"tag": "pat",
			"user": "https://www.flickr.com/photos/23603275@N07/",
			"date_create": "2010-10-14 07:19:58"
		}
	],
	"people": [

	],
	"notes": [

	],
	"privacy": "private",
	"comment_permissions": "any flickr member",
	"tagging_permissions": "people you follow",
	"safety": "safe",
	"comments": [
		{
			"id": "72157625169886010",
			"date": "2010-10-15 10:00:10",
			"user": "23603275@N07",
			"comment": "pat",
			"url": "https://www.flickr.com/photos/23603275@N07/5081306040//#comment72157625169886010"
		}
	]
}