{
	"id": "5084192242",
	"name": "DSCF0030",
	"description": "",
	"count_views": "35",
	"count_faves": "0",
	"count_comments": "0",
	"date_taken": "2010-10-15 09:03:19",
	"count_tags": "0",
	"count_notes": "0",
	"rotation": 0,
	"date_imported": "2010-10-15 09:03:19",
	"photopage": "https://www.flickr.com/photos/23603275@N07/5084192242/",
	"original": "https://live.staticflickr.com/4104/5084192242_ec8b38fd83_o.jpg",
	"license": "All Rights Reserved",
	"exif": {
		"JFIFVersion": "1.01",
		"ResolutionUnit": "None",
		"XResolution": "1",
		"YResolution": "1"
	},
	"groups": [

	],
	"albums": [
		{
			"id": "72157625162244798",
			"title": "BEG Calendar 2011",
			"url": "https://www.flickr.com/photos/23603275@N07/sets/72157625162244798/"
		}
	],
	"tags": [

	],
	"people": [

	],
	"notes": [

	],
	"privacy": "public",
	"comment_permissions": "any flickr member",
	"tagging_permissions": "people you follow",
	"safety": "safe",
	"comments": [

	]
}