{
	"id": "5083579507",
	"name": "Peruvian Market Stall",
	"description": "",
	"count_views": "41",
	"count_faves": "0",
	"count_comments": "0",
	"date_taken": "2003-08-06 00:41:37",
	"count_tags": "0",
	"count_notes": "0",
	"rotation": 0,
	"date_imported": "2010-10-15 08:56:18",
	"photopage": "https://www.flickr.com/photos/23603275@N07/5083579507/",
	"original": "https://live.staticflickr.com/4149/5083579507_d70089429a_o.jpg",
	"license": "All Rights Reserved",
	"exif": {
		"JFIFVersion": "1.01",
		"ResolutionUnit": "inches",
		"XResolution": "96 dpi",
		"YResolution": "96 dpi",
		"Make": "Eastman Kodak Company",
		"Model": "Kodak CLAS Digital Film Scanner / HR200",
		"Orientation": "Horizontal (normal)",
		"Software": "Kodak Digital Central Lab System",
		"ModifyDate": "2003:11:06 13:32:18",
		"YCbCrPositioning": "Centered",
		"ExifVersion": "0200",
		"CreateDate": "2003:08:06 00:41:37",
		"ComponentsConfiguration": "Y, Cb, Cr, -",
		"UserComment": "0",
		"FlashpixVersion": "0101",
		"ColorSpace": "sRGB",
		"SpatialFrequencyResponse": "Spatial freq. (cy/sample)=0,0.02500000037,0.05000000075,0.07500000298,0.1000000015,0.125,0.150000006,0.174999997,0.200000003,0.224999994,0.25,0.275000006,0.3000000119,0.3249999881,0.349999994,0.375,0.400000006,0.4250000119,0.4499999881,0.474999994,0.5; Horizontal SFR (Lum.) film included=1,1.042600036,1.039999962,1.026000023,1.006000042,1.090000033,1.031900048,0.9664999843,0.7580000162,0.6704999804,0.5690000057,0.4704999924,0.400000006,0.3519999981,0.2969999909,0.2319999933,0.1780000031,0.1484999955,0.1509999931,0.1689999998,0.03999999911",
		"FocalPlaneXResolution": "1131 dpi",
		"FocalPlaneYResolution": "1131 dpi",
		"FocalPlaneResolutionUnit": "inches"
	},
	"groups": [

	],
	"albums": [
		{
			"id": "72157625162244798",
			"title": "BEG Calendar 2011",
			"url": "https://www.flickr.com/photos/23603275@N07/sets/72157625162244798/"
		}
	],
	"tags": [

	],
	"people": [

	],
	"notes": [

	],
	"privacy": "public",
	"comment_permissions": "any flickr member",
	"tagging_permissions": "people you follow",
	"safety": "safe",
	"comments": [

	]
}