{
	"id": "5084191064",
	"name": "DSCF0070",
	"description": "",
	"count_views": "34",
	"count_faves": "0",
	"count_comments": "0",
	"date_taken": "2004-07-28 17:23:01",
	"count_tags": "0",
	"count_notes": "0",
	"rotation": 0,
	"date_imported": "2010-10-15 09:02:52",
	"photopage": "https://www.flickr.com/photos/23603275@N07/5084191064/",
	"original": "https://live.staticflickr.com/4149/5084191064_0d99cc38d9_o.jpg",
	"license": "All Rights Reserved",
	"exif": {
		"Make": "FUJIFILM",
		"Model": "FinePix S304",
		"Orientation": "Horizontal (normal)",
		"XResolution": "72 dpi",
		"YResolution": "72 dpi",
		"ResolutionUnit": "inches",
		"Software": "Digital Camera FinePix S304   Ver1.00",
		"ModifyDate": "2004:07:28 17:23:01",
		"YCbCrPositioning": "Co-sited",
		"ExposureTime": "0.004 sec (1/250)",
		"FNumber": "f/8.2",
		"ExposureProgram": "Program AE",
		"ISO": "100",
		"ExifVersion": "0220",
		"DateTimeOriginal": "2004:07:28 17:23:01",
		"CreateDate": "2004:07:28 17:23:01",
		"ComponentsConfiguration": "Y, Cb, Cr, -",
		"CompressedBitsPerPixel": "2",
		"BrightnessValue": "9.24",
		"ExposureCompensation": "0 EV",
		"MaxApertureValue": "2.8",
		"MeteringMode": "Multi-segment",
		"LightSource": "Unknown",
		"Flash": "Off, Did not fire",
		"FocalLength": "6 mm",
		"FlashpixVersion": "0100",
		"ColorSpace": "sRGB",
		"FocalPlaneXResolution": "2427",
		"FocalPlaneYResolution": "2427",
		"FocalPlaneResolutionUnit": "cm",
		"SensingMethod": "One-chip color area",
		"FileSource": "Digital Camera",
		"SceneType": "Directly photographed",
		"CustomRendered": "Normal",
		"ExposureMode": "Auto",
		"WhiteBalance": "Auto",
		"SceneCaptureType": "Standard",
		"Sharpness": "Normal",
		"SubjectDistanceRange": "Unknown",
		"Version": "0130",
		"Quality": "NORMAL ",
		"Saturation": "Normal",
		"FujiFlashMode": "Off",
		"FlashExposureComp": "0",
		"Macro": "Off",
		"FocusMode": "Auto",
		"FocusPixel": "640 480",
		"SlowSync": "Off",
		"PictureMode": "Auto",
		"AutoBracketing": "Off",
		"SequenceNumber": "0",
		"BlurWarning": "None",
		"FocusWarning": "Good",
		"ExposureWarning": "Good",
		"InteropIndex": "R98 - DCF basic file (sRGB)",
		"InteropVersion": "0100",
		"Compression": "JPEG (old-style)",
		"ThumbnailOffset": "1252",
		"ThumbnailLength": "9503"
	},
	"groups": [

	],
	"albums": [
		{
			"id": "72157625162244798",
			"title": "BEG Calendar 2011",
			"url": "https://www.flickr.com/photos/23603275@N07/sets/72157625162244798/"
		}
	],
	"tags": [

	],
	"people": [

	],
	"notes": [

	],
	"privacy": "public",
	"comment_permissions": "any flickr member",
	"tagging_permissions": "people you follow",
	"safety": "safe",
	"comments": [

	]
}