{
	"id": "2302270978",
	"name": "Image23",
	"description": "",
	"count_views": "5",
	"count_faves": "0",
	"count_comments": "0",
	"date_taken": "2008-03-01 05:49:10",
	"count_tags": "0",
	"count_notes": "0",
	"rotation": 0,
	"date_imported": "2008-03-01 05:49:10",
	"photopage": "https://www.flickr.com/photos/23603275@N07/2302270978/",
	"original": "https://live.staticflickr.com/2033/2302270978_3d03937ddb_o.jpg",
	"license": "All Rights Reserved",
	"exif": {
		"JFIF:XResolution": {
			"full": "JFIF:XResolution",
			"label": "X-Resolution",
			"value": "144 dpi",
			"raw_value": "144"
		},
		"JFIF:YResolution": {
			"full": "JFIF:YResolution",
			"label": "Y-Resolution",
			"value": "144 dpi",
			"raw_value": "144"
		}
	},
	"groups": [

	],
	"albums": [

	],
	"tags": [

	],
	"people": [

	],
	"notes": [

	],
	"privacy": "public",
	"comment_permissions": "any flickr member",
	"tagging_permissions": "people you follow",
	"safety": "safe",
	"comments": [

	]
}