{
	"id": "5080711473",
	"name": "Sunset over the Sahara desert",
	"description": "",
	"count_views": "0",
	"count_faves": "0",
	"count_comments": "0",
	"date_taken": "2010-10-14 07:19:46",
	"count_tags": "0",
	"count_notes": "0",
	"rotation": 0,
	"date_imported": "2010-10-14 07:19:46",
	"photopage": "https://www.flickr.com/photos/23603275@N07/5080711473/",
	"original": "https://live.staticflickr.com/4005/5080711473_e67207ab8d_o.jpg",
	"license": "All Rights Reserved",
	"exif": {
		"IFD0:Compression": {
			"full": "IFD0:Compression",
			"label": "Compression",
			"value": "JPEG (old-style)",
			"raw_value": "JPEG (old-style)"
		},
		"IFD0:XResolution": {
			"full": "IFD0:XResolution",
			"label": "X-Resolution",
			"value": "72 dpi",
			"raw_value": "72"
		},
		"IFD0:YResolution": {
			"full": "IFD0:YResolution",
			"label": "Y-Resolution",
			"value": "72 dpi",
			"raw_value": "72"
		},
		"IFD0:Software": {
			"full": "IFD0:Software",
			"label": "Software",
			"value": "FinePixViewer Ver.3.2",
			"raw_value": "FinePixViewer Ver.3.2"
		},
		"IFD0:ModifyDate": {
			"full": "IFD0:ModifyDate",
			"label": "Date and Time (Modified)",
			"value": "2006:04:16 15:53:10",
			"raw_value": "2006:04:16 15:53:10"
		},
		"IFD0:YCbCrPositioning": {
			"full": "IFD0:YCbCrPositioning",
			"label": "YCbCr Positioning",
			"value": "Co-sited",
			"raw_value": "Co-sited"
		},
		"ExifIFD:ColorSpace": {
			"full": "ExifIFD:ColorSpace",
			"label": "Color Space",
			"value": "sRGB",
			"raw_value": "sRGB"
		}
	},
	"groups": [

	],
	"albums": [
		{
			"id": "72157625162244798",
			"title": "BEG Calendar 2011",
			"url": "https://www.flickr.com/photos/23603275@N07/sets/72157625162244798/"
		}
	],
	"tags": [

	],
	"people": [

	],
	"notes": [

	],
	"privacy": "private",
	"comment_permissions": "any flickr member",
	"tagging_permissions": "people you follow",
	"safety": "safe",
	"comments": [

	]
}