{
	"id": "2265535142",
	"name": "Great wall of China",
	"description": "The recce group at The Great Wall\n\nThe work at the centre will continue to improve the the conditions here for the street kids project which was started by a Group from Edinburgh Scouts two years ago. ",
	"count_views": "53",
	"count_faves": "0",
	"count_comments": "0",
	"date_taken": "2008-02-14 10:23:54",
	"count_tags": "2",
	"count_notes": "0",
	"rotation": 0,
	"date_imported": "2008-02-14 10:23:54",
	"photopage": "https://www.flickr.com/photos/23603275@N07/2265535142/",
	"original": "https://live.staticflickr.com/2010/2265535142_67ed55f5d0_o.jpg",
	"license": "All Rights Reserved",
	"exif": {
		"JFIF:XResolution": {
			"full": "JFIF:XResolution",
			"label": "X-Resolution",
			"value": "300 dpi",
			"raw_value": "300"
		},
		"JFIF:YResolution": {
			"full": "JFIF:YResolution",
			"label": "Y-Resolution",
			"value": "300 dpi",
			"raw_value": "300"
		}
	},
	"groups": [

	],
	"albums": [

	],
	"tags": [
		{
			"tag": "Mongolia",
			"user": "https://www.flickr.com/photos/23603275@N07/",
			"date_create": "2008-02-14 10:23:54"
		},
		{
			"tag": "1999",
			"user": "https://www.flickr.com/photos/23603275@N07/",
			"date_create": "2008-02-14 10:23:54"
		}
	],
	"people": [

	],
	"notes": [

	],
	"privacy": "public",
	"comment_permissions": "any flickr member",
	"tagging_permissions": "people you follow",
	"safety": "safe",
	"comments": [

	]
}