{
	"id": "2264744299",
	"name": "painting",
	"description": "With a reasonably solid floor we could get on with the painting. The bunk beds used by the Children in the home came in very useful as scaffolding. The paint was also much thinner than what we are used to in this country, so two coats were always required to give a decent cover. The room is looking much better already.",
	"count_views": "54",
	"count_faves": "0",
	"count_comments": "0",
	"date_taken": "2008-02-14 10:23:49",
	"count_tags": "2",
	"count_notes": "0",
	"rotation": 0,
	"date_imported": "2008-02-14 10:23:49",
	"photopage": "https://www.flickr.com/photos/23603275@N07/2264744299/",
	"original": "https://live.staticflickr.com/2076/2264744299_df4d7e18c7_o.jpg",
	"license": "All Rights Reserved",
	"exif": {
		"JFIF:XResolution": {
			"full": "JFIF:XResolution",
			"label": "X-Resolution",
			"value": "144 dpi",
			"raw_value": "144"
		},
		"JFIF:YResolution": {
			"full": "JFIF:YResolution",
			"label": "Y-Resolution",
			"value": "144 dpi",
			"raw_value": "144"
		}
	},
	"groups": [

	],
	"albums": [

	],
	"tags": [
		{
			"tag": "Mongolia",
			"user": "https://www.flickr.com/photos/23603275@N07/",
			"date_create": "2008-02-14 10:23:49"
		},
		{
			"tag": "1999",
			"user": "https://www.flickr.com/photos/23603275@N07/",
			"date_create": "2008-02-14 10:23:49"
		}
	],
	"people": [

	],
	"notes": [

	],
	"privacy": "public",
	"comment_permissions": "any flickr member",
	"tagging_permissions": "people you follow",
	"safety": "safe",
	"comments": [

	]
}