{
	"id": "3859013576",
	"name": "Loch walk 18",
	"description": "All photographs taken on August 22nd and 23rd 2009 at the first training weekend for the Borders Exploration Group expedition to Chile in Summer 2010. See <a href=\"http://www.borders-exploration-group.org.uk/expeditions/chile/\" rel=\"nofollow\">www.borders-exploration-group.org.uk/expeditions/chile/</a> for up to date news about the Chile 2010 expedition. ",
	"count_views": "35",
	"count_faves": "0",
	"count_comments": "0",
	"date_taken": "2009-08-26 04:41:10",
	"count_tags": "8",
	"count_notes": "0",
	"rotation": 0,
	"date_imported": "2009-08-26 04:41:10",
	"photopage": "https://www.flickr.com/photos/23603275@N07/3859013576/",
	"original": "https://live.staticflickr.com/2664/3859013576_a9011b8fd9_o.jpg",
	"license": "All Rights Reserved",
	"exif": {
		"JFIFVersion": "1.01",
		"ResolutionUnit": "inches",
		"XResolution": "180 dpi",
		"YResolution": "180 dpi"
	},
	"groups": [

	],
	"albums": [
		{
			"id": "72157622129253372",
			"title": "Chile 2010 Training Weekend 1",
			"url": "https://www.flickr.com/photos/23603275@N07/sets/72157622129253372/"
		}
	],
	"tags": [
		{
			"tag": "Borders",
			"user": "https://www.flickr.com/photos/23603275@N07/",
			"date_create": "2009-08-26 04:41:10"
		},
		{
			"tag": "Exploration",
			"user": "https://www.flickr.com/photos/23603275@N07/",
			"date_create": "2009-08-26 04:41:10"
		},
		{
			"tag": "Group",
			"user": "https://www.flickr.com/photos/23603275@N07/",
			"date_create": "2009-08-26 04:41:10"
		},
		{
			"tag": "Chile",
			"user": "https://www.flickr.com/photos/23603275@N07/",
			"date_create": "2009-08-26 04:41:10"
		},
		{
			"tag": "2010",
			"user": "https://www.flickr.com/photos/23603275@N07/",
			"date_create": "2009-08-26 04:41:10"
		},
		{
			"tag": "Training",
			"user": "https://www.flickr.com/photos/23603275@N07/",
			"date_create": "2009-08-26 04:41:10"
		},
		{
			"tag": "Weekend",
			"user": "https://www.flickr.com/photos/23603275@N07/",
			"date_create": "2009-08-26 04:41:10"
		},
		{
			"tag": "1",
			"user": "https://www.flickr.com/photos/23603275@N07/",
			"date_create": "2009-08-26 04:41:10"
		}
	],
	"people": [

	],
	"notes": [

	],
	"privacy": "public",
	"comment_permissions": "any flickr member",
	"tagging_permissions": "people you follow",
	"safety": "safe",
	"comments": [

	]
}