{
	"id": "2293217919",
	"name": "forestvillage",
	"description": "Base camp village in rainforest.",
	"count_views": "10",
	"count_faves": "0",
	"count_comments": "0",
	"date_taken": "2008-02-26 05:58:36",
	"count_tags": "1",
	"count_notes": "0",
	"rotation": 0,
	"date_imported": "2008-02-26 05:58:36",
	"photopage": "https://www.flickr.com/photos/23603275@N07/2293217919/",
	"original": "https://live.staticflickr.com/3201/2293217919_9a047d5f45_o.jpg",
	"license": "All Rights Reserved",
	"exif": {
		"JFIF:XResolution": {
			"full": "JFIF:XResolution",
			"label": "X-Resolution",
			"value": "72 dpi",
			"raw_value": "72"
		},
		"JFIF:YResolution": {
			"full": "JFIF:YResolution",
			"label": "Y-Resolution",
			"value": "72 dpi",
			"raw_value": "72"
		}
	},
	"groups": [

	],
	"albums": [

	],
	"tags": [
		{
			"tag": "Peru",
			"user": "https://www.flickr.com/photos/23603275@N07/",
			"date_create": "2008-02-26 05:58:36"
		}
	],
	"people": [

	],
	"notes": [

	],
	"privacy": "public",
	"comment_permissions": "any flickr member",
	"tagging_permissions": "people you follow",
	"safety": "safe",
	"comments": [

	]
}