{
	"id": "5260189689",
	"name": "IMG_9355",
	"description": "",
	"count_views": "45",
	"count_faves": "0",
	"count_comments": "0",
	"date_taken": "2010-12-14 05:05:03",
	"count_tags": "0",
	"count_notes": "0",
	"rotation": 0,
	"date_imported": "2010-12-14 05:05:03",
	"photopage": "https://www.flickr.com/photos/23603275@N07/5260189689/",
	"original": "https://live.staticflickr.com/5123/5260189689_e85941a83c_o.jpg",
	"license": "All Rights Reserved",
	"exif": {
		"JFIFVersion": "1.01",
		"ResolutionUnit": "inches",
		"XResolution": "72 dpi",
		"YResolution": "72 dpi",
		"ColorSpace": "sRGB"
	},
	"groups": [

	],
	"albums": [
		{
			"id": "72157625597262066",
			"title": "Ukraine 2011 Training Weekend 1",
			"url": "https://www.flickr.com/photos/23603275@N07/sets/72157625597262066/"
		}
	],
	"tags": [

	],
	"people": [

	],
	"notes": [

	],
	"privacy": "public",
	"comment_permissions": "any flickr member",
	"tagging_permissions": "people you follow",
	"safety": "safe",
	"comments": [

	]
}