{
	"id": "2303765121",
	"name": "blind-walk",
	"description": "",
	"count_views": "78",
	"count_faves": "1",
	"count_comments": "0",
	"date_taken": "2004-01-13 13:19:18",
	"count_tags": "4",
	"count_notes": "0",
	"rotation": 0,
	"date_imported": "2008-03-02 04:33:19",
	"photopage": "https://www.flickr.com/photos/23603275@N07/2303765121/",
	"original": "https://live.staticflickr.com/3093/2303765121_a90650257e_o.jpg",
	"license": "All Rights Reserved",
	"exif": {
		"JFIF:XResolution": {
			"full": "JFIF:XResolution",
			"label": "X-Resolution",
			"value": "1",
			"raw_value": "1"
		},
		"JFIF:YResolution": {
			"full": "JFIF:YResolution",
			"label": "Y-Resolution",
			"value": "1",
			"raw_value": "1"
		},
		"IFD0:YCbCrPositioning": {
			"full": "IFD0:YCbCrPositioning",
			"label": "YCbCr Positioning",
			"value": "Centered",
			"raw_value": "Centered"
		},
		"ExifIFD:ExposureTime": {
			"full": "ExifIFD:ExposureTime",
			"label": "Exposure",
			"value": "0.008 sec (1/125)",
			"raw_value": "1/125"
		},
		"ExifIFD:FNumber": {
			"full": "ExifIFD:FNumber",
			"label": "Aperture",
			"value": "f/2.8",
			"raw_value": "2.8"
		},
		"ExifIFD:ExposureProgram": {
			"full": "ExifIFD:ExposureProgram",
			"label": "Exposure Program",
			"value": "Program AE",
			"raw_value": "Program AE"
		},
		"ExifIFD:ISO": {
			"full": "ExifIFD:ISO",
			"label": "ISO Speed",
			"value": "100",
			"raw_value": "100"
		},
		"ExifIFD:DateTimeOriginal": {
			"full": "ExifIFD:DateTimeOriginal",
			"label": "Date and Time (Original)",
			"value": "2004:01:13 13:19:18",
			"raw_value": "2004:01:13 13:19:18"
		},
		"ExifIFD:CreateDate": {
			"full": "ExifIFD:CreateDate",
			"label": "Date and Time (Digitized)",
			"value": "2004:01:13 13:19:18",
			"raw_value": "2004:01:13 13:19:18"
		},
		"ExifIFD:CompressedBitsPerPixel": {
			"full": "ExifIFD:CompressedBitsPerPixel",
			"label": "Compressed Bits Per Pixel",
			"value": "2",
			"raw_value": "2"
		},
		"ExifIFD:BrightnessValue": {
			"full": "ExifIFD:BrightnessValue",
			"label": "Brightness Value",
			"value": "5.23",
			"raw_value": "5.23"
		},
		"ExifIFD:ExposureCompensation": {
			"full": "ExifIFD:ExposureCompensation",
			"label": "Exposure Bias",
			"value": "0 EV",
			"raw_value": "0"
		},
		"ExifIFD:MaxApertureValue": {
			"full": "ExifIFD:MaxApertureValue",
			"label": "Max Aperture Value",
			"value": "2.8",
			"raw_value": "2.8"
		},
		"ExifIFD:MeteringMode": {
			"full": "ExifIFD:MeteringMode",
			"label": "Metering Mode",
			"value": "Multi-segment",
			"raw_value": "Multi-segment"
		},
		"ExifIFD:LightSource": {
			"full": "ExifIFD:LightSource",
			"label": "Light Source",
			"value": "Unknown",
			"raw_value": "Unknown"
		},
		"ExifIFD:Flash": {
			"full": "ExifIFD:Flash",
			"label": "Flash",
			"value": "Auto, Did not fire",
			"raw_value": "Auto, Did not fire"
		},
		"ExifIFD:FocalLength": {
			"full": "ExifIFD:FocalLength",
			"label": "Focal Length",
			"value": "5.7 mm",
			"raw_value": "5.7 mm"
		},
		"ExifIFD:ColorSpace": {
			"full": "ExifIFD:ColorSpace",
			"label": "Color Space",
			"value": "sRGB",
			"raw_value": "sRGB"
		},
		"ExifIFD:FocalPlaneXResolution": {
			"full": "ExifIFD:FocalPlaneXResolution",
			"label": "Focal Plane X-Resolution",
			"value": "3884",
			"raw_value": "3884"
		},
		"ExifIFD:FocalPlaneYResolution": {
			"full": "ExifIFD:FocalPlaneYResolution",
			"label": "Focal Plane Y-Resolution",
			"value": "3884",
			"raw_value": "3884"
		},
		"ExifIFD:SensingMethod": {
			"full": "ExifIFD:SensingMethod",
			"label": "Sensing Method",
			"value": "One-chip color area",
			"raw_value": "One-chip color area"
		},
		"ExifIFD:CustomRendered": {
			"full": "ExifIFD:CustomRendered",
			"label": "Custom Rendered",
			"value": "Normal",
			"raw_value": "Normal"
		},
		"ExifIFD:ExposureMode": {
			"full": "ExifIFD:ExposureMode",
			"label": "Exposure Mode",
			"value": "Auto",
			"raw_value": "Auto"
		},
		"ExifIFD:WhiteBalance": {
			"full": "ExifIFD:WhiteBalance",
			"label": "White Balance",
			"value": "Auto",
			"raw_value": "Auto"
		},
		"ExifIFD:SceneCaptureType": {
			"full": "ExifIFD:SceneCaptureType",
			"label": "Scene Capture Type",
			"value": "Standard",
			"raw_value": "Standard"
		},
		"ExifIFD:Sharpness": {
			"full": "ExifIFD:Sharpness",
			"label": "Sharpness",
			"value": "Normal",
			"raw_value": "Normal"
		},
		"ExifIFD:SubjectDistanceRange": {
			"full": "ExifIFD:SubjectDistanceRange",
			"label": "Subject Distance Range",
			"value": "Unknown",
			"raw_value": "Unknown"
		}
	},
	"groups": [

	],
	"albums": [
		{
			"id": "72157604022014920",
			"title": "Kirsty MacAskill Trophy 2007",
			"url": "https://www.flickr.com/photos/23603275@N07/sets/72157604022014920/"
		}
	],
	"tags": [
		{
			"tag": "Kirsty",
			"user": "https://www.flickr.com/photos/23603275@N07/",
			"date_create": "2008-03-02 04:33:19"
		},
		{
			"tag": "MacAskill",
			"user": "https://www.flickr.com/photos/23603275@N07/",
			"date_create": "2008-03-02 04:33:19"
		},
		{
			"tag": "Trophy",
			"user": "https://www.flickr.com/photos/23603275@N07/",
			"date_create": "2008-03-02 04:33:19"
		},
		{
			"tag": "2007",
			"user": "https://www.flickr.com/photos/23603275@N07/",
			"date_create": "2008-03-02 04:33:19"
		}
	],
	"people": [

	],
	"notes": [

	],
	"privacy": "public",
	"comment_permissions": "any flickr member",
	"tagging_permissions": "people you follow",
	"safety": "safe",
	"comments": [

	]
}