{
	"id": "2265225386",
	"name": "Leap of faith",
	"description": "Some folk, having fallen out of the raft, would try to get back in again. This shows courage bordering on the lunatic or, more likely, a completely misplaced trust in the folk in the raft being prepared to help. It was much more fun to let them try, miss (almost always) then watch them swim away again.",
	"count_views": "71",
	"count_faves": "0",
	"count_comments": "0",
	"date_taken": "2008-02-14 07:10:23",
	"count_tags": "1",
	"count_notes": "0",
	"rotation": 0,
	"date_imported": "2008-02-14 07:10:23",
	"photopage": "https://www.flickr.com/photos/23603275@N07/2265225386/",
	"original": "https://live.staticflickr.com/2146/2265225386_8093147654_o.jpg",
	"license": "All Rights Reserved",
	"exif": {
		"JFIF:XResolution": {
			"full": "JFIF:XResolution",
			"label": "X-Resolution",
			"value": "144 dpi",
			"raw_value": "144"
		},
		"JFIF:YResolution": {
			"full": "JFIF:YResolution",
			"label": "Y-Resolution",
			"value": "144 dpi",
			"raw_value": "144"
		}
	},
	"groups": [

	],
	"albums": [

	],
	"tags": [
		{
			"tag": "Kenya",
			"user": "https://www.flickr.com/photos/23603275@N07/",
			"date_create": "2008-02-14 07:10:23"
		}
	],
	"people": [

	],
	"notes": [

	],
	"privacy": "public",
	"comment_permissions": "any flickr member",
	"tagging_permissions": "people you follow",
	"safety": "safe",
	"comments": [

	]
}