{
	"id": "2468909830",
	"name": "Logo 1",
	"description": "",
	"count_views": "55",
	"count_faves": "0",
	"count_comments": "0",
	"date_taken": "2008-05-05 12:44:45",
	"count_tags": "4",
	"count_notes": "0",
	"rotation": 0,
	"date_imported": "2008-05-05 12:44:45",
	"photopage": "https://www.flickr.com/photos/23603275@N07/2468909830/",
	"original": "https://live.staticflickr.com/3286/2468909830_1436d54414_o.jpg",
	"license": "All Rights Reserved",
	"exif": {
		"JFIF:XResolution": {
			"full": "JFIF:XResolution",
			"label": "X-Resolution",
			"value": "96 dpi",
			"raw_value": "96"
		},
		"JFIF:YResolution": {
			"full": "JFIF:YResolution",
			"label": "Y-Resolution",
			"value": "96 dpi",
			"raw_value": "96"
		},
		"IFD0:YCbCrPositioning": {
			"full": "IFD0:YCbCrPositioning",
			"label": "YCbCr Positioning",
			"value": "Centered",
			"raw_value": "Centered"
		},
		"ExifIFD:UserComment": {
			"full": "ExifIFD:UserComment",
			"label": "User Comment",
			"value": "LEAD Technologies Inc. V1.01",
			"raw_value": "LEAD Technologies Inc. V1.01"
		},
		"ExifIFD:ColorSpace": {
			"full": "ExifIFD:ColorSpace",
			"label": "Color Space",
			"value": "Uncalibrated",
			"raw_value": "Uncalibrated"
		}
	},
	"groups": [

	],
	"albums": [
		{
			"id": "72157604898488224",
			"title": "Poland 2008 Logo Choices",
			"url": "https://www.flickr.com/photos/23603275@N07/sets/72157604898488224/"
		}
	],
	"tags": [
		{
			"tag": "Poland",
			"user": "https://www.flickr.com/photos/23603275@N07/",
			"date_create": "2008-05-05 12:44:45"
		},
		{
			"tag": "2008",
			"user": "https://www.flickr.com/photos/23603275@N07/",
			"date_create": "2008-05-05 12:44:45"
		},
		{
			"tag": "Logo",
			"user": "https://www.flickr.com/photos/23603275@N07/",
			"date_create": "2008-05-05 12:44:45"
		},
		{
			"tag": "Choices",
			"user": "https://www.flickr.com/photos/23603275@N07/",
			"date_create": "2008-05-05 12:44:45"
		}
	],
	"people": [

	],
	"notes": [

	],
	"privacy": "public",
	"comment_permissions": "any flickr member",
	"tagging_permissions": "people you follow",
	"safety": "safe",
	"comments": [

	]
}