{
	"id": "5081243288",
	"name": "kisswall_lr",
	"description": "",
	"count_views": "0",
	"count_faves": "0",
	"count_comments": "0",
	"date_taken": "2009-07-13 15:50:58",
	"count_tags": "0",
	"count_notes": "0",
	"rotation": 0,
	"date_imported": "2010-10-14 06:49:52",
	"photopage": "https://www.flickr.com/photos/23603275@N07/5081243288/",
	"original": "https://live.staticflickr.com/4039/5081243288_d2a9f12aa3_o.jpg",
	"license": "All Rights Reserved",
	"exif": {
		"IFD0:ImageWidth": {
			"full": "IFD0:ImageWidth",
			"label": "Image Width",
			"value": "2352",
			"raw_value": "2352"
		},
		"IFD0:ImageHeight": {
			"full": "IFD0:ImageHeight",
			"label": "Image Height",
			"value": "3072",
			"raw_value": "3072"
		},
		"IFD0:BitsPerSample": {
			"full": "IFD0:BitsPerSample",
			"label": "Bits Per Sample",
			"value": "8 8 8",
			"raw_value": "8 8 8"
		},
		"IFD0:Compression": {
			"full": "IFD0:Compression",
			"label": "Compression",
			"value": "JPEG (old-style)",
			"raw_value": "JPEG (old-style)"
		},
		"IFD0:PhotometricInterpretation": {
			"full": "IFD0:PhotometricInterpretation",
			"label": "Photometric Interpretation",
			"value": "RGB",
			"raw_value": "RGB"
		},
		"IFD0:Orientation": {
			"full": "IFD0:Orientation",
			"label": "Orientation",
			"value": "Horizontal (normal)",
			"raw_value": "Horizontal (normal)"
		},
		"IFD0:SamplesPerPixel": {
			"full": "IFD0:SamplesPerPixel",
			"label": "Samples Per Pixel",
			"value": "3",
			"raw_value": "3"
		},
		"IFD0:XResolution": {
			"full": "IFD0:XResolution",
			"label": "X-Resolution",
			"value": "240 dpi",
			"raw_value": "240"
		},
		"IFD0:YResolution": {
			"full": "IFD0:YResolution",
			"label": "Y-Resolution",
			"value": "240 dpi",
			"raw_value": "240"
		},
		"IFD0:Software": {
			"full": "IFD0:Software",
			"label": "Software",
			"value": "Adobe Photoshop CS5 Macintosh",
			"raw_value": "Adobe Photoshop CS5 Macintosh"
		},
		"IFD0:ModifyDate": {
			"full": "IFD0:ModifyDate",
			"label": "Date and Time (Modified)",
			"value": "2010:10:01 22:53:56",
			"raw_value": "2010:10:01 22:53:56"
		},
		"IFD0:Artist": {
			"full": "IFD0:Artist",
			"label": "Artist",
			"value": "unknown",
			"raw_value": "unknown"
		},
		"IFD0:YCbCrPositioning": {
			"full": "IFD0:YCbCrPositioning",
			"label": "YCbCr Positioning",
			"value": "Centered",
			"raw_value": "Centered"
		},
		"ExifIFD:ExposureTime": {
			"full": "ExifIFD:ExposureTime",
			"label": "Exposure",
			"value": "0.008 sec (1/125)",
			"raw_value": "1/125"
		},
		"ExifIFD:FNumber": {
			"full": "ExifIFD:FNumber",
			"label": "Aperture",
			"value": "f/5.0",
			"raw_value": "5.0"
		},
		"ExifIFD:ExposureProgram": {
			"full": "ExifIFD:ExposureProgram",
			"label": "Exposure Program",
			"value": "Manual",
			"raw_value": "Manual"
		},
		"ExifIFD:ISO": {
			"full": "ExifIFD:ISO",
			"label": "ISO Speed",
			"value": "100",
			"raw_value": "100"
		},
		"ExifIFD:DateTimeOriginal": {
			"full": "ExifIFD:DateTimeOriginal",
			"label": "Date and Time (Original)",
			"value": "2009:07:13 15:50:58",
			"raw_value": "2009:07:13 15:50:58"
		},
		"ExifIFD:CreateDate": {
			"full": "ExifIFD:CreateDate",
			"label": "Date and Time (Digitized)",
			"value": "2009:07:13 15:50:58",
			"raw_value": "2009:07:13 15:50:58"
		},
		"ExifIFD:ExposureCompensation": {
			"full": "ExifIFD:ExposureCompensation",
			"label": "Exposure Bias",
			"value": "0 EV",
			"raw_value": "0"
		},
		"ExifIFD:MaxApertureValue": {
			"full": "ExifIFD:MaxApertureValue",
			"label": "Max Aperture Value",
			"value": "4.5",
			"raw_value": "4.5"
		},
		"ExifIFD:MeteringMode": {
			"full": "ExifIFD:MeteringMode",
			"label": "Metering Mode",
			"value": "Multi-segment",
			"raw_value": "Multi-segment"
		},
		"ExifIFD:Flash": {
			"full": "ExifIFD:Flash",
			"label": "Flash",
			"value": "Off, Did not fire",
			"raw_value": "Off, Did not fire"
		},
		"ExifIFD:FocalLength": {
			"full": "ExifIFD:FocalLength",
			"label": "Focal Length",
			"value": "140 mm",
			"raw_value": "140.0 mm"
		},
		"ExifIFD:ColorSpace": {
			"full": "ExifIFD:ColorSpace",
			"label": "Color Space",
			"value": "Uncalibrated",
			"raw_value": "Uncalibrated"
		},
		"ExifIFD:FocalPlaneXResolution": {
			"full": "ExifIFD:FocalPlaneXResolution",
			"label": "Focal Plane X-Resolution",
			"value": "4433.295337 dpi",
			"raw_value": "4433.295337"
		},
		"ExifIFD:FocalPlaneYResolution": {
			"full": "ExifIFD:FocalPlaneYResolution",
			"label": "Focal Plane Y-Resolution",
			"value": "4453.608247 dpi",
			"raw_value": "4453.608247"
		},
		"ExifIFD:CustomRendered": {
			"full": "ExifIFD:CustomRendered",
			"label": "Custom Rendered",
			"value": "Normal",
			"raw_value": "Normal"
		},
		"ExifIFD:ExposureMode": {
			"full": "ExifIFD:ExposureMode",
			"label": "Exposure Mode",
			"value": "Manual",
			"raw_value": "Manual"
		},
		"ExifIFD:WhiteBalance": {
			"full": "ExifIFD:WhiteBalance",
			"label": "White Balance",
			"value": "Auto",
			"raw_value": "Auto"
		},
		"ExifIFD:SceneCaptureType": {
			"full": "ExifIFD:SceneCaptureType",
			"label": "Scene Capture Type",
			"value": "Standard",
			"raw_value": "Standard"
		},
		"IPTC:CodedCharacterSet": {
			"full": "IPTC:CodedCharacterSet",
			"label": "Coded Character Set",
			"value": "UTF8",
			"raw_value": "UTF8"
		},
		"IPTC:EnvelopeRecordVersion": {
			"full": "IPTC:EnvelopeRecordVersion",
			"label": "Envelope Record Version",
			"value": "4",
			"raw_value": "4"
		},
		"IPTC:DateCreated": {
			"full": "IPTC:DateCreated",
			"label": "Date Created",
			"value": "2009:07:13",
			"raw_value": "2009:07:13"
		},
		"IPTC:TimeCreated": {
			"full": "IPTC:TimeCreated",
			"label": "Time Created",
			"value": "15:50:58-07:00",
			"raw_value": "15:50:58-07:00"
		},
		"IPTC:By-line": {
			"full": "IPTC:By-line",
			"label": "By-line",
			"value": "unknown",
			"raw_value": "unknown"
		},
		"Photoshop:GlobalAngle": {
			"full": "Photoshop:GlobalAngle",
			"label": "Global Angle",
			"value": "30",
			"raw_value": "30"
		},
		"Photoshop:GlobalAltitude": {
			"full": "Photoshop:GlobalAltitude",
			"label": "Global Altitude",
			"value": "30",
			"raw_value": "30"
		},
		"XMP-x:XMPToolkit": {
			"full": "XMP-x:XMPToolkit",
			"label": "XMPToolkit",
			"value": "Adobe XMP Core 5.0-c060 61.134777, 2010/02/12-17:32:00        ",
			"raw_value": "Adobe XMP Core 5.0-c060 61.134777, 2010/02/12-17:32:00        "
		},
		"XMP-aux:FlashCompensation": {
			"full": "XMP-aux:FlashCompensation",
			"label": "Flash Compensation",
			"value": "0",
			"raw_value": "0"
		},
		"XMP-aux:ImageNumber": {
			"full": "XMP-aux:ImageNumber",
			"label": "Image Number",
			"value": "240",
			"raw_value": "240"
		},
		"XMP-aux:Lens": {
			"full": "XMP-aux:Lens",
			"label": "Lens",
			"value": "EF70-300mm f/4-5.6 IS USM",
			"raw_value": "EF70-300mm f/4-5.6 IS USM"
		},
		"XMP-dc:Creator": {
			"full": "XMP-dc:Creator",
			"label": "Creator",
			"value": "unknown",
			"raw_value": "unknown"
		},
		"XMP-dc:Format": {
			"full": "XMP-dc:Format",
			"label": "Format",
			"value": "image/jpeg",
			"raw_value": "image/jpeg"
		},
		"XMP-exifEX:SerialNumber": {
			"full": "XMP-exifEX:SerialNumber",
			"label": "Serial Number",
			"value": "630323658",
			"raw_value": "630323658"
		},
		"XMP-exifEX:OwnerName": {
			"full": "XMP-exifEX:OwnerName",
			"label": "Owner Name",
			"value": "unknown",
			"raw_value": "unknown"
		},
		"XMP-exifEX:LensInfo": {
			"full": "XMP-exifEX:LensInfo",
			"label": "Lens Info",
			"value": "70-300mm f/?",
			"raw_value": "70-300mm f/?"
		},
		"XMP-photoshop:ColorMode": {
			"full": "XMP-photoshop:ColorMode",
			"label": "Color Mode",
			"value": "RGB",
			"raw_value": "RGB"
		},
		"XMP-photoshop:ICCProfileName": {
			"full": "XMP-photoshop:ICCProfileName",
			"label": "ICCProfile Name",
			"value": "Adobe RGB (1998)",
			"raw_value": "Adobe RGB (1998)"
		},
		"XMP-photoshop:LegacyIPTCDigest": {
			"full": "XMP-photoshop:LegacyIPTCDigest",
			"label": "Legacy IPTCDigest",
			"value": "B398395B82F53187485FC902E39E1A49",
			"raw_value": "B398395B82F53187485FC902E39E1A49"
		},
		"XMP-photoshop:SidecarForExtension": {
			"full": "XMP-photoshop:SidecarForExtension",
			"label": "Sidecar For Extension",
			"value": "CR2",
			"raw_value": "CR2"
		},
		"XMP-xmp:CreatorTool": {
			"full": "XMP-xmp:CreatorTool",
			"label": "Creator Tool",
			"value": "Adobe Photoshop CS4 Macintosh",
			"raw_value": "Adobe Photoshop CS4 Macintosh"
		},
		"XMP-xmp:MetadataDate": {
			"full": "XMP-xmp:MetadataDate",
			"label": "Metadata Date",
			"value": "2010:10:01 22:53:56+02:00",
			"raw_value": "2010:10:01 22:53:56+02:00"
		},
		"XMP-xmp:Rating": {
			"full": "XMP-xmp:Rating",
			"label": "Rating",
			"value": "0",
			"raw_value": "0"
		},
		"XMP-xmpMM:DerivedFromOriginalDocumentID": {
			"full": "XMP-xmpMM:DerivedFromOriginalDocumentID",
			"label": "Derived From Original Document ID",
			"value": "xmp.did:3288ED161020681195FEE6470C85F8DC",
			"raw_value": "xmp.did:3288ED161020681195FEE6470C85F8DC"
		},
		"XMP-xmpMM:OriginalDocumentID": {
			"full": "XMP-xmpMM:OriginalDocumentID",
			"label": "Original Document ID",
			"value": "xmp.did:3288ED161020681195FEE6470C85F8DC",
			"raw_value": "xmp.did:3288ED161020681195FEE6470C85F8DC"
		},
		"ExifIFD:Contrast": {
			"full": "ExifIFD:Contrast",
			"label": "Contrast",
			"value": "High",
			"raw_value": "High"
		},
		"ExifIFD:Saturation": {
			"full": "ExifIFD:Saturation",
			"label": "Saturation",
			"value": "Low",
			"raw_value": "Low"
		},
		"ExifIFD:Sharpness": {
			"full": "ExifIFD:Sharpness",
			"label": "Sharpness",
			"value": "Hard",
			"raw_value": "Hard"
		}
	},
	"groups": [

	],
	"albums": [
		{
			"id": "72157625162244798",
			"title": "BEG Calendar 2011",
			"url": "https://www.flickr.com/photos/23603275@N07/sets/72157625162244798/"
		}
	],
	"tags": [

	],
	"people": [

	],
	"notes": [

	],
	"privacy": "private",
	"comment_permissions": "any flickr member",
	"tagging_permissions": "people you follow",
	"safety": "safe",
	"comments": [

	]
}