{
	"id": "5081301730",
	"name": "ChamonixSummer 2010 175 (1)",
	"description": "",
	"count_views": "0",
	"count_faves": "0",
	"count_comments": "1",
	"date_taken": "2010-08-13 09:35:41",
	"count_tags": "1",
	"count_notes": "0",
	"rotation": 0,
	"date_imported": "2010-10-14 07:17:59",
	"photopage": "https://www.flickr.com/photos/23603275@N07/5081301730/",
	"original": "https://live.staticflickr.com/4019/5081301730_4125b9eb3c_o.jpg",
	"license": "All Rights Reserved",
	"exif": {
		"IFD0:Compression": {
			"full": "IFD0:Compression",
			"label": "Compression",
			"value": "JPEG (old-style)",
			"raw_value": "JPEG (old-style)"
		},
		"IFD0:Orientation": {
			"full": "IFD0:Orientation",
			"label": "Orientation",
			"value": "Horizontal (normal)",
			"raw_value": "Horizontal (normal)"
		},
		"IFD0:XResolution": {
			"full": "IFD0:XResolution",
			"label": "X-Resolution",
			"value": "72 dpi",
			"raw_value": "72"
		},
		"IFD0:YResolution": {
			"full": "IFD0:YResolution",
			"label": "Y-Resolution",
			"value": "72 dpi",
			"raw_value": "72"
		},
		"IFD0:Software": {
			"full": "IFD0:Software",
			"label": "Software",
			"value": "Digital Camera FinePix S5500   Ver1.00",
			"raw_value": "Digital Camera FinePix S5500   Ver1.00"
		},
		"IFD0:ModifyDate": {
			"full": "IFD0:ModifyDate",
			"label": "Date and Time (Modified)",
			"value": "2010:08:13 09:35:41",
			"raw_value": "2010:08:13 09:35:41"
		},
		"IFD0:YCbCrPositioning": {
			"full": "IFD0:YCbCrPositioning",
			"label": "YCbCr Positioning",
			"value": "Co-sited",
			"raw_value": "Co-sited"
		},
		"ExifIFD:ExposureTime": {
			"full": "ExifIFD:ExposureTime",
			"label": "Exposure",
			"value": "0.003 sec (1/300)",
			"raw_value": "1/300"
		},
		"ExifIFD:FNumber": {
			"full": "ExifIFD:FNumber",
			"label": "Aperture",
			"value": "f/8.0",
			"raw_value": "8.0"
		},
		"ExifIFD:ExposureProgram": {
			"full": "ExifIFD:ExposureProgram",
			"label": "Exposure Program",
			"value": "Landscape",
			"raw_value": "Landscape"
		},
		"ExifIFD:ISO": {
			"full": "ExifIFD:ISO",
			"label": "ISO Speed",
			"value": "100",
			"raw_value": "100"
		},
		"ExifIFD:DateTimeOriginal": {
			"full": "ExifIFD:DateTimeOriginal",
			"label": "Date and Time (Original)",
			"value": "2010:08:13 09:35:41",
			"raw_value": "2010:08:13 09:35:41"
		},
		"ExifIFD:CreateDate": {
			"full": "ExifIFD:CreateDate",
			"label": "Date and Time (Digitized)",
			"value": "2010:08:13 09:35:41",
			"raw_value": "2010:08:13 09:35:41"
		},
		"ExifIFD:CompressedBitsPerPixel": {
			"full": "ExifIFD:CompressedBitsPerPixel",
			"label": "Compressed Bits Per Pixel",
			"value": "2",
			"raw_value": "2"
		},
		"ExifIFD:BrightnessValue": {
			"full": "ExifIFD:BrightnessValue",
			"label": "Brightness Value",
			"value": "9.87",
			"raw_value": "9.87"
		},
		"ExifIFD:ExposureCompensation": {
			"full": "ExifIFD:ExposureCompensation",
			"label": "Exposure Bias",
			"value": "0 EV",
			"raw_value": "0"
		},
		"ExifIFD:MaxApertureValue": {
			"full": "ExifIFD:MaxApertureValue",
			"label": "Max Aperture Value",
			"value": "2.8",
			"raw_value": "2.8"
		},
		"ExifIFD:MeteringMode": {
			"full": "ExifIFD:MeteringMode",
			"label": "Metering Mode",
			"value": "Multi-segment",
			"raw_value": "Multi-segment"
		},
		"ExifIFD:LightSource": {
			"full": "ExifIFD:LightSource",
			"label": "Light Source",
			"value": "Unknown",
			"raw_value": "Unknown"
		},
		"ExifIFD:Flash": {
			"full": "ExifIFD:Flash",
			"label": "Flash",
			"value": "Off, Did not fire",
			"raw_value": "Off, Did not fire"
		},
		"ExifIFD:FocalLength": {
			"full": "ExifIFD:FocalLength",
			"label": "Focal Length",
			"value": "5.7 mm",
			"raw_value": "5.7 mm"
		},
		"ExifIFD:ColorSpace": {
			"full": "ExifIFD:ColorSpace",
			"label": "Color Space",
			"value": "sRGB",
			"raw_value": "sRGB"
		},
		"ExifIFD:FocalPlaneXResolution": {
			"full": "ExifIFD:FocalPlaneXResolution",
			"label": "Focal Plane X-Resolution",
			"value": "4255",
			"raw_value": "4255"
		},
		"ExifIFD:FocalPlaneYResolution": {
			"full": "ExifIFD:FocalPlaneYResolution",
			"label": "Focal Plane Y-Resolution",
			"value": "4255",
			"raw_value": "4255"
		},
		"ExifIFD:SensingMethod": {
			"full": "ExifIFD:SensingMethod",
			"label": "Sensing Method",
			"value": "One-chip color area",
			"raw_value": "One-chip color area"
		},
		"ExifIFD:CustomRendered": {
			"full": "ExifIFD:CustomRendered",
			"label": "Custom Rendered",
			"value": "Normal",
			"raw_value": "Normal"
		},
		"ExifIFD:ExposureMode": {
			"full": "ExifIFD:ExposureMode",
			"label": "Exposure Mode",
			"value": "Auto",
			"raw_value": "Auto"
		},
		"ExifIFD:WhiteBalance": {
			"full": "ExifIFD:WhiteBalance",
			"label": "White Balance",
			"value": "Auto",
			"raw_value": "Auto"
		},
		"ExifIFD:SceneCaptureType": {
			"full": "ExifIFD:SceneCaptureType",
			"label": "Scene Capture Type",
			"value": "Landscape",
			"raw_value": "Landscape"
		},
		"ExifIFD:Sharpness": {
			"full": "ExifIFD:Sharpness",
			"label": "Sharpness",
			"value": "Normal",
			"raw_value": "Normal"
		},
		"ExifIFD:SubjectDistanceRange": {
			"full": "ExifIFD:SubjectDistanceRange",
			"label": "Subject Distance Range",
			"value": "Unknown",
			"raw_value": "Unknown"
		}
	},
	"groups": [

	],
	"albums": [
		{
			"id": "72157625162244798",
			"title": "BEG Calendar 2011",
			"url": "https://www.flickr.com/photos/23603275@N07/sets/72157625162244798/"
		}
	],
	"tags": [
		{
			"tag": "pat",
			"user": "https://www.flickr.com/photos/23603275@N07/",
			"date_create": "2010-10-14 07:17:59"
		}
	],
	"people": [

	],
	"notes": [

	],
	"privacy": "private",
	"comment_permissions": "any flickr member",
	"tagging_permissions": "people you follow",
	"safety": "safe",
	"comments": [
		{
			"id": "72157625169872598",
			"date": "2010-10-15 09:57:40",
			"user": "23603275@N07",
			"comment": "pat",
			"url": "https://www.flickr.com/photos/23603275@N07/5081301730//#comment72157625169872598"
		}
	]
}