{
	"id": "2265186224",
	"name": "Tranquil",
	"description": "After the waterfall, the river eased off considerably and we were able to drift along at a leisurely rate and enjoy the African scenery. You can just see bits of all four of our rafts from this photo.",
	"count_views": "32",
	"count_faves": "0",
	"count_comments": "0",
	"date_taken": "2008-02-14 06:45:45",
	"count_tags": "1",
	"count_notes": "0",
	"rotation": 0,
	"date_imported": "2008-02-14 06:45:45",
	"photopage": "https://www.flickr.com/photos/23603275@N07/2265186224/",
	"original": "https://live.staticflickr.com/2225/2265186224_3bc9973b01_o.jpg",
	"license": "All Rights Reserved",
	"exif": {
		"JFIF:XResolution": {
			"full": "JFIF:XResolution",
			"label": "X-Resolution",
			"value": "144 dpi",
			"raw_value": "144"
		},
		"JFIF:YResolution": {
			"full": "JFIF:YResolution",
			"label": "Y-Resolution",
			"value": "144 dpi",
			"raw_value": "144"
		}
	},
	"groups": [

	],
	"albums": [

	],
	"tags": [
		{
			"tag": "Kenya",
			"user": "https://www.flickr.com/photos/23603275@N07/",
			"date_create": "2008-02-14 06:45:45"
		}
	],
	"people": [

	],
	"notes": [

	],
	"privacy": "public",
	"comment_permissions": "any flickr member",
	"tagging_permissions": "people you follow",
	"safety": "safe",
	"comments": [

	]
}