{
	"id": "2304301268",
	"name": "view",
	"description": "",
	"count_views": "6",
	"count_faves": "0",
	"count_comments": "0",
	"date_taken": "2008-03-02 01:14:15",
	"count_tags": "2",
	"count_notes": "0",
	"rotation": 0,
	"date_imported": "2008-03-02 01:14:15",
	"photopage": "https://www.flickr.com/photos/23603275@N07/2304301268/",
	"original": "https://live.staticflickr.com/2364/2304301268_c5df3c1a77_o.jpg",
	"license": "All Rights Reserved",
	"exif": {
		"JFIF:XResolution": {
			"full": "JFIF:XResolution",
			"label": "X-Resolution",
			"value": "96 dpi",
			"raw_value": "96"
		},
		"JFIF:YResolution": {
			"full": "JFIF:YResolution",
			"label": "Y-Resolution",
			"value": "96 dpi",
			"raw_value": "96"
		}
	},
	"groups": [

	],
	"albums": [

	],
	"tags": [
		{
			"tag": "Zambia",
			"user": "https://www.flickr.com/photos/23603275@N07/",
			"date_create": "2008-03-02 01:14:15"
		},
		{
			"tag": "2007",
			"user": "https://www.flickr.com/photos/23603275@N07/",
			"date_create": "2008-03-02 01:14:15"
		}
	],
	"people": [

	],
	"notes": [

	],
	"privacy": "public",
	"comment_permissions": "any flickr member",
	"tagging_permissions": "people you follow",
	"safety": "safe",
	"comments": [

	]
}