{
	"id": "2303830773",
	"name": "EASY2",
	"description": "",
	"count_views": "14",
	"count_faves": "0",
	"count_comments": "0",
	"date_taken": "2008-03-02 05:15:24",
	"count_tags": "1",
	"count_notes": "0",
	"rotation": 0,
	"date_imported": "2008-03-02 05:15:24",
	"photopage": "https://www.flickr.com/photos/23603275@N07/2303830773/",
	"original": "https://live.staticflickr.com/2077/2303830773_f2c917d7b6_o.jpg",
	"license": "All Rights Reserved",
	"exif": {
		"JFIF:XResolution": {
			"full": "JFIF:XResolution",
			"label": "X-Resolution",
			"value": "144 dpi",
			"raw_value": "144"
		},
		"JFIF:YResolution": {
			"full": "JFIF:YResolution",
			"label": "Y-Resolution",
			"value": "144 dpi",
			"raw_value": "144"
		}
	},
	"groups": [

	],
	"albums": [

	],
	"tags": [
		{
			"tag": "Kenya",
			"user": "https://www.flickr.com/photos/23603275@N07/",
			"date_create": "2008-03-02 05:15:24"
		}
	],
	"people": [

	],
	"notes": [

	],
	"privacy": "public",
	"comment_permissions": "any flickr member",
	"tagging_permissions": "people you follow",
	"safety": "safe",
	"comments": [

	]
}