{
	"id": "2303500599",
	"name": "KEG2007006G",
	"description": "ZAMBIA Mupanshya. Local school project.",
	"count_views": "17",
	"count_faves": "0",
	"count_comments": "0",
	"date_taken": "2008-03-19 14:01:11",
	"count_tags": "3",
	"count_notes": "0",
	"rotation": 0,
	"date_imported": "2008-03-02 01:14:28",
	"photopage": "https://www.flickr.com/photos/23603275@N07/2303500599/",
	"original": "https://live.staticflickr.com/3267/2303500599_7c0324ab15_o.jpg",
	"license": "All Rights Reserved",
	"exif": {
		"JFIF:XResolution": {
			"full": "JFIF:XResolution",
			"label": "X-Resolution",
			"value": "1",
			"raw_value": "1"
		},
		"JFIF:YResolution": {
			"full": "JFIF:YResolution",
			"label": "Y-Resolution",
			"value": "1",
			"raw_value": "1"
		},
		"IFD0:Orientation": {
			"full": "IFD0:Orientation",
			"label": "Orientation",
			"value": "Horizontal (normal)",
			"raw_value": "Horizontal (normal)"
		},
		"IFD0:Software": {
			"full": "IFD0:Software",
			"label": "Software",
			"value": "Version 1.0.3",
			"raw_value": "Version 1.0.3"
		},
		"IFD0:ModifyDate": {
			"full": "IFD0:ModifyDate",
			"label": "Date and Time (Modified)",
			"value": "2008:03:19 14:01:11",
			"raw_value": "2008:03:19 14:01:11"
		},
		"IFD0:WhitePoint": {
			"full": "IFD0:WhitePoint",
			"label": "White Point",
			"value": "0.313 0.329",
			"raw_value": "0.313 0.329"
		},
		"IFD0:PrimaryChromaticities": {
			"full": "IFD0:PrimaryChromaticities",
			"label": "Primary Chromaticities",
			"value": "0.64 0.33 0.21 0.71 0.15 0.06",
			"raw_value": "0.64 0.33 0.21 0.71 0.15 0.06"
		},
		"IFD0:YCbCrPositioning": {
			"full": "IFD0:YCbCrPositioning",
			"label": "YCbCr Positioning",
			"value": "Centered",
			"raw_value": "Centered"
		},
		"ExifIFD:ExposureTime": {
			"full": "ExifIFD:ExposureTime",
			"label": "Exposure",
			"value": "0.008 sec (1/125)",
			"raw_value": "1/125"
		},
		"ExifIFD:FNumber": {
			"full": "ExifIFD:FNumber",
			"label": "Aperture",
			"value": "f/10.0",
			"raw_value": "10.0"
		},
		"ExifIFD:ExposureProgram": {
			"full": "ExifIFD:ExposureProgram",
			"label": "Exposure Program",
			"value": "Aperture-priority AE",
			"raw_value": "Aperture-priority AE"
		},
		"ExifIFD:ISO": {
			"full": "ExifIFD:ISO",
			"label": "ISO Speed",
			"value": "100",
			"raw_value": "100"
		},
		"ExifIFD:DateTimeOriginal": {
			"full": "ExifIFD:DateTimeOriginal",
			"label": "Date and Time (Original)",
			"value": "2008:03:19 14:01:11",
			"raw_value": "2008:03:19 14:01:11"
		},
		"ExifIFD:CreateDate": {
			"full": "ExifIFD:CreateDate",
			"label": "Date and Time (Digitized)",
			"value": "2008:03:19 14:01:11",
			"raw_value": "2008:03:19 14:01:11"
		},
		"ExifIFD:ExposureCompensation": {
			"full": "ExifIFD:ExposureCompensation",
			"label": "Exposure Bias",
			"value": "0 EV",
			"raw_value": "0"
		},
		"ExifIFD:MeteringMode": {
			"full": "ExifIFD:MeteringMode",
			"label": "Metering Mode",
			"value": "Partial",
			"raw_value": "Partial"
		},
		"ExifIFD:Flash": {
			"full": "ExifIFD:Flash",
			"label": "Flash",
			"value": "No Flash",
			"raw_value": "No Flash"
		},
		"ExifIFD:FocalLength": {
			"full": "ExifIFD:FocalLength",
			"label": "Focal Length",
			"value": "24 mm",
			"raw_value": "24.0 mm"
		},
		"ExifIFD:ColorSpace": {
			"full": "ExifIFD:ColorSpace",
			"label": "Color Space",
			"value": "sRGB",
			"raw_value": "sRGB"
		},
		"ExifIFD:Gamma": {
			"full": "ExifIFD:Gamma",
			"label": "Gamma",
			"value": "2.2",
			"raw_value": "2.2"
		},
		"IPTC:ObjectName": {
			"full": "IPTC:ObjectName",
			"label": "Object Name",
			"value": "KEG2007006G",
			"raw_value": "KEG2007006G"
		},
		"IPTC:SpecialInstructions": {
			"full": "IPTC:SpecialInstructions",
			"label": "Special Instructions",
			"value": "No Photograph or digital file may be reproduced, cropped or modified (digitally or otherwise), and its caption may not be altered without prior written agreement from the photographer.",
			"raw_value": "No Photograph or digital file may be reproduced, cropped or modified (digitally or otherwise), and its caption may not be altered without prior written agreement from the photographer."
		},
		"IPTC:DateCreated": {
			"full": "IPTC:DateCreated",
			"label": "Date Created",
			"value": "2007:01:16",
			"raw_value": "2007:01:16"
		},
		"IPTC:TimeCreated": {
			"full": "IPTC:TimeCreated",
			"label": "Time Created",
			"value": "14:01:11+02:00",
			"raw_value": "14:01:11+02:00"
		},
		"IPTC:By-line": {
			"full": "IPTC:By-line",
			"label": "By-line",
			"value": "Geert van Kesteren/MAGNUM PHOTOS",
			"raw_value": "Geert van Kesteren/MAGNUM PHOTOS"
		},
		"IPTC:City": {
			"full": "IPTC:City",
			"label": "City",
			"value": "Lusaka",
			"raw_value": "Lusaka"
		},
		"IPTC:Country-PrimaryLocationName": {
			"full": "IPTC:Country-PrimaryLocationName",
			"label": "Country- Primary Location Name",
			"value": "Zambia",
			"raw_value": "Zambia"
		},
		"IPTC:Credit": {
			"full": "IPTC:Credit",
			"label": "Credit",
			"value": "Geert van Kesteren/MAGNUM PHOTOS",
			"raw_value": "Geert van Kesteren/MAGNUM PHOTOS"
		},
		"IPTC:Source": {
			"full": "IPTC:Source",
			"label": "Source",
			"value": "Magnum Photos +44 20 7490 1771",
			"raw_value": "Magnum Photos +44 20 7490 1771"
		},
		"IPTC:CopyrightNotice": {
			"full": "IPTC:CopyrightNotice",
			"label": "Copyright Notice",
			"value": "\u00a9 Geert van Kesteren/MAGNUM PHOTOS ",
			"raw_value": "\u00a9 Geert van Kesteren/MAGNUM PHOTOS "
		},
		"IPTC:Caption-Abstract": {
			"full": "IPTC:Caption-Abstract",
			"label": "Caption- Abstract",
			"value": "ZAMBIA Mupanshya. Local school project.",
			"raw_value": "ZAMBIA Mupanshya. Local school project."
		},
		"IPTC:Writer-Editor": {
			"full": "IPTC:Writer-Editor",
			"label": "Writer- Editor",
			"value": "Geert van Kesteren/MAGNUM PHOTOS",
			"raw_value": "Geert van Kesteren/MAGNUM PHOTOS"
		},
		"IPTC:Prefs": {
			"full": "IPTC:Prefs",
			"label": "Prefs",
			"value": "Tagged:0, ColorClass:0, Rating:0, FrameNum:-00001",
			"raw_value": "Tagged:0, ColorClass:0, Rating:0, FrameNum:-00001"
		},
		"Photoshop:CopyrightFlag": {
			"full": "Photoshop:CopyrightFlag",
			"label": "Copyright Flag",
			"value": "True",
			"raw_value": "True"
		},
		"XMP-x:XMPToolkit": {
			"full": "XMP-x:XMPToolkit",
			"label": "XMPToolkit",
			"value": "XMP toolkit 2.9-9, framework 1.6",
			"raw_value": "XMP toolkit 2.9-9, framework 1.6"
		},
		"XMP-dc:Creator": {
			"full": "XMP-dc:Creator",
			"label": "Creator",
			"value": "Geert van Kesteren/MAGNUM PHOTOS",
			"raw_value": "Geert van Kesteren/MAGNUM PHOTOS"
		},
		"XMP-dc:Description": {
			"full": "XMP-dc:Description",
			"label": "Description",
			"value": "ZAMBIA Mupanshya. Local school project.",
			"raw_value": "ZAMBIA Mupanshya. Local school project."
		},
		"XMP-dc:Rights": {
			"full": "XMP-dc:Rights",
			"label": "Rights",
			"value": "\u00a9 Geert van Kesteren/MAGNUM PHOTOS ",
			"raw_value": "\u00a9 Geert van Kesteren/MAGNUM PHOTOS "
		},
		"XMP-dc:Title": {
			"full": "XMP-dc:Title",
			"label": "Title",
			"value": "KEG2007006G",
			"raw_value": "KEG2007006G"
		},
		"XMP-photomech:Prefs": {
			"full": "XMP-photomech:Prefs",
			"label": "Prefs",
			"value": "Tagged:0, ColorClass:0, Rating:0, FrameNum:-00001",
			"raw_value": "Tagged:0, ColorClass:0, Rating:0, FrameNum:-00001"
		},
		"XMP-photomech:TimeCreated": {
			"full": "XMP-photomech:TimeCreated",
			"label": "Time Created",
			"value": "14:01:11+02:00",
			"raw_value": "14:01:11+02:00"
		},
		"XMP-photoshop:CaptionWriter": {
			"full": "XMP-photoshop:CaptionWriter",
			"label": "Caption Writer",
			"value": "Geert van Kesteren/MAGNUM PHOTOS",
			"raw_value": "Geert van Kesteren/MAGNUM PHOTOS"
		},
		"XMP-photoshop:City": {
			"full": "XMP-photoshop:City",
			"label": "City",
			"value": "Lusaka",
			"raw_value": "Lusaka"
		},
		"XMP-photoshop:Country": {
			"full": "XMP-photoshop:Country",
			"label": "Country",
			"value": "Zambia",
			"raw_value": "Zambia"
		},
		"XMP-photoshop:Credit": {
			"full": "XMP-photoshop:Credit",
			"label": "Credit",
			"value": "Geert van Kesteren/MAGNUM PHOTOS",
			"raw_value": "Geert van Kesteren/MAGNUM PHOTOS"
		},
		"XMP-photoshop:Instructions": {
			"full": "XMP-photoshop:Instructions",
			"label": "Instructions",
			"value": "No Photograph or digital file may be reproduced, cropped or modified (digitally or otherwise), and its caption may not be altered without prior written agreement from the photographer.",
			"raw_value": "No Photograph or digital file may be reproduced, cropped or modified (digitally or otherwise), and its caption may not be altered without prior written agreement from the photographer."
		},
		"XMP-photoshop:Source": {
			"full": "XMP-photoshop:Source",
			"label": "Source",
			"value": "Magnum Photos +44 20 7490 1771",
			"raw_value": "Magnum Photos +44 20 7490 1771"
		},
		"XMP-xmpRights:Marked": {
			"full": "XMP-xmpRights:Marked",
			"label": "Marked",
			"value": "True",
			"raw_value": "True"
		}
	},
	"groups": [

	],
	"albums": [

	],
	"tags": [
		{
			"tag": "Zambia",
			"user": "https://www.flickr.com/photos/23603275@N07/",
			"date_create": "2008-03-02 01:14:28"
		},
		{
			"tag": "Lusaka",
			"user": "https://www.flickr.com/photos/23603275@N07/",
			"date_create": "2008-03-02 01:14:28"
		},
		{
			"tag": "2007",
			"user": "https://www.flickr.com/photos/23603275@N07/",
			"date_create": "2008-03-02 01:14:28"
		}
	],
	"people": [

	],
	"notes": [

	],
	"privacy": "public",
	"comment_permissions": "any flickr member",
	"tagging_permissions": "people you follow",
	"safety": "safe",
	"comments": [

	]
}