{
	"id": "2302352382",
	"name": "P3170235",
	"description": "",
	"count_views": "7",
	"count_faves": "0",
	"count_comments": "0",
	"date_taken": "2008-03-01 06:43:52",
	"count_tags": "1",
	"count_notes": "0",
	"rotation": 0,
	"date_imported": "2008-03-01 06:43:52",
	"photopage": "https://www.flickr.com/photos/23603275@N07/2302352382/",
	"original": "https://live.staticflickr.com/2338/2302352382_1cb04373eb_o.jpg",
	"license": "All Rights Reserved",
	"exif": [

	],
	"groups": [

	],
	"albums": [

	],
	"tags": [
		{
			"tag": "Zambia",
			"user": "https://www.flickr.com/photos/23603275@N07/",
			"date_create": "2008-03-01 06:43:52"
		}
	],
	"people": [

	],
	"notes": [

	],
	"privacy": "public",
	"comment_permissions": "any flickr member",
	"tagging_permissions": "people you follow",
	"safety": "safe",
	"comments": [

	]
}