{
	"id": "2304632878",
	"name": "Indiagroup",
	"description": "",
	"count_views": "31",
	"count_faves": "0",
	"count_comments": "0",
	"date_taken": "2008-03-02 05:15:38",
	"count_tags": "2",
	"count_notes": "0",
	"rotation": 0,
	"date_imported": "2008-03-02 05:15:38",
	"photopage": "https://www.flickr.com/photos/23603275@N07/2304632878/",
	"original": "https://live.staticflickr.com/2257/2304632878_833cd744f7_o.jpg",
	"license": "All Rights Reserved",
	"exif": {
		"JFIF:XResolution": {
			"full": "JFIF:XResolution",
			"label": "X-Resolution",
			"value": "100 dpi",
			"raw_value": "100"
		},
		"JFIF:YResolution": {
			"full": "JFIF:YResolution",
			"label": "Y-Resolution",
			"value": "100 dpi",
			"raw_value": "100"
		}
	},
	"groups": [

	],
	"albums": [

	],
	"tags": [
		{
			"tag": "India",
			"user": "https://www.flickr.com/photos/23603275@N07/",
			"date_create": "2008-03-02 05:15:38"
		},
		{
			"tag": "Group",
			"user": "https://www.flickr.com/photos/23603275@N07/",
			"date_create": "2008-03-02 05:15:38"
		}
	],
	"people": [

	],
	"notes": [

	],
	"privacy": "public",
	"comment_permissions": "any flickr member",
	"tagging_permissions": "people you follow",
	"safety": "safe",
	"comments": [

	]
}