{
	"id": "5084170620",
	"name": "170",
	"description": "",
	"count_views": "28",
	"count_faves": "0",
	"count_comments": "1",
	"date_taken": "2010-10-15 08:54:40",
	"count_tags": "1",
	"count_notes": "0",
	"rotation": 0,
	"date_imported": "2010-10-15 08:54:40",
	"photopage": "https://www.flickr.com/photos/23603275@N07/5084170620/",
	"original": "https://live.staticflickr.com/4090/5084170620_e9421a49a6_o.jpg",
	"license": "All Rights Reserved",
	"exif": {
		"Make": "FUJI PHOTO FILM CO., LTD.",
		"Model": "SP-2000",
		"Orientation": "Horizontal (normal)",
		"XResolution": "72 dpi",
		"YResolution": "72 dpi",
		"ResolutionUnit": "inches",
		"Software": "FDi V4.0 / FRONTIER350/370-5.8-0E-650",
		"ModifyDate": "2002:07:25 13:44:07",
		"YCbCrPositioning": "Centered",
		"ExifVersion": "0210",
		"DateTimeOriginal": "    :  :     :  :  ",
		"CreateDate": "2002:07:25 13:44:07",
		"ComponentsConfiguration": "Y, Cb, Cr, -",
		"FlashpixVersion": "0100",
		"ColorSpace": "sRGB",
		"FileSource": "135_C",
		"SceneType": "Directly photographed",
		"Version": "0130",
		"OrderNumber": "354",
		"FrameNumber": "20",
		"InteropIndex": "R98 - DCF basic file (sRGB)",
		"InteropVersion": "0100",
		"Compression": "JPEG (old-style)",
		"ThumbnailOffset": "682",
		"ThumbnailLength": "7238"
	},
	"groups": [

	],
	"albums": [
		{
			"id": "72157625162244798",
			"title": "BEG Calendar 2011",
			"url": "https://www.flickr.com/photos/23603275@N07/sets/72157625162244798/"
		}
	],
	"tags": [
		{
			"tag": "calendar",
			"user": "https://www.flickr.com/photos/23603275@N07/",
			"date_create": "2010-10-15 08:54:40"
		}
	],
	"people": [

	],
	"notes": [

	],
	"privacy": "public",
	"comment_permissions": "any flickr member",
	"tagging_permissions": "people you follow",
	"safety": "safe",
	"comments": [
		{
			"id": "72157625123089419",
			"date": "2010-10-26 12:20:57",
			"user": "23603275@N07",
			"comment": "Calendar",
			"url": "https://www.flickr.com/photos/23603275@N07/5084170620//#comment72157625123089419"
		}
	]
}