{
	"id": "2302069080",
	"name": "rory",
	"description": "Rory McLeod, Community Education official gives the vote of thanks",
	"count_views": "16",
	"count_faves": "0",
	"count_comments": "0",
	"date_taken": "2008-03-01 03:08:36",
	"count_tags": "3",
	"count_notes": "0",
	"rotation": 0,
	"date_imported": "2008-03-01 03:08:36",
	"photopage": "https://www.flickr.com/photos/23603275@N07/2302069080/",
	"original": "https://live.staticflickr.com/2219/2302069080_1c66012bd8_o.jpg",
	"license": "All Rights Reserved",
	"exif": {
		"JFIF:XResolution": {
			"full": "JFIF:XResolution",
			"label": "X-Resolution",
			"value": "144 dpi",
			"raw_value": "144"
		},
		"JFIF:YResolution": {
			"full": "JFIF:YResolution",
			"label": "Y-Resolution",
			"value": "144 dpi",
			"raw_value": "144"
		}
	},
	"groups": [

	],
	"albums": [

	],
	"tags": [
		{
			"tag": "BEG",
			"user": "https://www.flickr.com/photos/23603275@N07/",
			"date_create": "2008-03-01 03:08:36"
		},
		{
			"tag": "Anniversary",
			"user": "https://www.flickr.com/photos/23603275@N07/",
			"date_create": "2008-03-01 03:08:36"
		},
		{
			"tag": "Ball",
			"user": "https://www.flickr.com/photos/23603275@N07/",
			"date_create": "2008-03-01 03:08:36"
		}
	],
	"people": [

	],
	"notes": [

	],
	"privacy": "public",
	"comment_permissions": "any flickr member",
	"tagging_permissions": "people you follow",
	"safety": "safe",
	"comments": [

	]
}