{
	"id": "2301568455",
	"name": "DSC_0019",
	"description": "",
	"count_views": "4",
	"count_faves": "0",
	"count_comments": "0",
	"date_taken": "2008-03-01 06:50:16",
	"count_tags": "1",
	"count_notes": "0",
	"rotation": 0,
	"date_imported": "2008-03-01 06:50:16",
	"photopage": "https://www.flickr.com/photos/23603275@N07/2301568455/",
	"original": "https://live.staticflickr.com/3191/2301568455_623c9eeac8_o.jpg",
	"license": "All Rights Reserved",
	"exif": [

	],
	"groups": [

	],
	"albums": [

	],
	"tags": [
		{
			"tag": "Zambia",
			"user": "https://www.flickr.com/photos/23603275@N07/",
			"date_create": "2008-03-01 06:50:16"
		}
	],
	"people": [

	],
	"notes": [

	],
	"privacy": "public",
	"comment_permissions": "any flickr member",
	"tagging_permissions": "people you follow",
	"safety": "safe",
	"comments": [

	]
}