{
	"id": "5081189238",
	"name": "Sunset on Ha Long Bay",
	"description": "",
	"count_views": "0",
	"count_faves": "0",
	"count_comments": "3",
	"date_taken": "2005-08-09 18:29:10",
	"count_tags": "2",
	"count_notes": "0",
	"rotation": 0,
	"date_imported": "2010-10-14 06:22:13",
	"photopage": "https://www.flickr.com/photos/23603275@N07/5081189238/",
	"original": "https://live.staticflickr.com/4032/5081189238_b16e65bc57_o.jpg",
	"license": "All Rights Reserved",
	"exif": {
		"JFIF:XResolution": {
			"full": "JFIF:XResolution",
			"label": "X-Resolution",
			"value": "1",
			"raw_value": "1"
		},
		"JFIF:YResolution": {
			"full": "JFIF:YResolution",
			"label": "Y-Resolution",
			"value": "1",
			"raw_value": "1"
		},
		"IFD0:Compression": {
			"full": "IFD0:Compression",
			"label": "Compression",
			"value": "JPEG (old-style)",
			"raw_value": "JPEG (old-style)"
		},
		"IFD0:Orientation": {
			"full": "IFD0:Orientation",
			"label": "Orientation",
			"value": "Horizontal (normal)",
			"raw_value": "Horizontal (normal)"
		},
		"IFD0:Software": {
			"full": "IFD0:Software",
			"label": "Software",
			"value": "Kodak Digital Central Lab System",
			"raw_value": "Kodak Digital Central Lab System"
		},
		"IFD0:ModifyDate": {
			"full": "IFD0:ModifyDate",
			"label": "Date and Time (Modified)",
			"value": "2005:08:09 18:29:10",
			"raw_value": "2005:08:09 18:29:10"
		},
		"IFD0:YCbCrPositioning": {
			"full": "IFD0:YCbCrPositioning",
			"label": "YCbCr Positioning",
			"value": "Centered",
			"raw_value": "Centered"
		},
		"ExifIFD:CreateDate": {
			"full": "ExifIFD:CreateDate",
			"label": "Date and Time (Digitized)",
			"value": "2005:08:09 18:29:10",
			"raw_value": "2005:08:09 18:29:10"
		},
		"ExifIFD:ColorSpace": {
			"full": "ExifIFD:ColorSpace",
			"label": "Color Space",
			"value": "sRGB",
			"raw_value": "sRGB"
		},
		"ExifIFD:FocalPlaneXResolution": {
			"full": "ExifIFD:FocalPlaneXResolution",
			"label": "Focal Plane X-Resolution",
			"value": "1131 dpi",
			"raw_value": "1131"
		},
		"ExifIFD:FocalPlaneYResolution": {
			"full": "ExifIFD:FocalPlaneYResolution",
			"label": "Focal Plane Y-Resolution",
			"value": "1131 dpi",
			"raw_value": "1131"
		}
	},
	"groups": [

	],
	"albums": [
		{
			"id": "72157625162244798",
			"title": "BEG Calendar 2011",
			"url": "https://www.flickr.com/photos/23603275@N07/sets/72157625162244798/"
		}
	],
	"tags": [
		{
			"tag": "pat",
			"user": "https://www.flickr.com/photos/23603275@N07/",
			"date_create": "2010-10-14 06:22:13"
		},
		{
			"tag": "calendar",
			"user": "https://www.flickr.com/photos/23603275@N07/",
			"date_create": "2010-10-14 06:22:13"
		}
	],
	"people": [

	],
	"notes": [

	],
	"privacy": "private",
	"comment_permissions": "any flickr member",
	"tagging_permissions": "people you follow",
	"safety": "safe",
	"comments": [
		{
			"id": "72157625169810454",
			"date": "2010-10-15 09:46:47",
			"user": "23603275@N07",
			"comment": "pat",
			"url": "https://www.flickr.com/photos/23603275@N07/5081189238//#comment72157625169810454"
		},
		{
			"id": "72157625170258888",
			"date": "2010-10-15 11:08:03",
			"user": "23603275@N07",
			"comment": "ruth",
			"url": "https://www.flickr.com/photos/23603275@N07/5081189238//#comment72157625170258888"
		},
		{
			"id": "72157625122961733",
			"date": "2010-10-26 12:00:21",
			"user": "23603275@N07",
			"comment": "Calendar",
			"url": "https://www.flickr.com/photos/23603275@N07/5081189238//#comment72157625122961733"
		}
	]
}