{
	"id": "2304633858",
	"name": "The Tower Trophy",
	"description": "",
	"count_views": "9",
	"count_faves": "0",
	"count_comments": "0",
	"date_taken": "2008-03-02 05:16:13",
	"count_tags": "2",
	"count_notes": "0",
	"rotation": 0,
	"date_imported": "2008-03-02 05:16:13",
	"photopage": "https://www.flickr.com/photos/23603275@N07/2304633858/",
	"original": "https://live.staticflickr.com/2408/2304633858_abcdb797a8_o.jpg",
	"license": "All Rights Reserved",
	"exif": {
		"JFIF:XResolution": {
			"full": "JFIF:XResolution",
			"label": "X-Resolution",
			"value": "75 dpi",
			"raw_value": "75"
		},
		"JFIF:YResolution": {
			"full": "JFIF:YResolution",
			"label": "Y-Resolution",
			"value": "75 dpi",
			"raw_value": "75"
		},
		"Photoshop:CopyrightFlag": {
			"full": "Photoshop:CopyrightFlag",
			"label": "Copyright Flag",
			"value": "False",
			"raw_value": "False"
		},
		"Photoshop:GlobalAngle": {
			"full": "Photoshop:GlobalAngle",
			"label": "Global Angle",
			"value": "120",
			"raw_value": "120"
		}
	},
	"groups": [

	],
	"albums": [

	],
	"tags": [
		{
			"tag": "Tower",
			"user": "https://www.flickr.com/photos/23603275@N07/",
			"date_create": "2008-03-02 05:16:13"
		},
		{
			"tag": "Trophy",
			"user": "https://www.flickr.com/photos/23603275@N07/",
			"date_create": "2008-03-02 05:16:13"
		}
	],
	"people": [

	],
	"notes": [

	],
	"privacy": "public",
	"comment_permissions": "any flickr member",
	"tagging_permissions": "people you follow",
	"safety": "safe",
	"comments": [

	]
}