{
	"id": "5084186036",
	"name": "Mongolia 014",
	"description": "",
	"count_views": "23",
	"count_faves": "0",
	"count_comments": "0",
	"date_taken": "2004-07-18 10:34:42",
	"count_tags": "0",
	"count_notes": "0",
	"rotation": 0,
	"date_imported": "2010-10-15 09:00:50",
	"photopage": "https://www.flickr.com/photos/23603275@N07/5084186036/",
	"original": "https://live.staticflickr.com/4084/5084186036_44bdf77784_o.jpg",
	"license": "All Rights Reserved",
	"exif": {
		"Make": "EASTMAN KODAK COMPANY",
		"Model": "KODAK DX6340 ZOOM DIGITAL CAMERA",
		"Orientation": "Horizontal (normal)",
		"XResolution": "230 dpi",
		"YResolution": "230 dpi",
		"ResolutionUnit": "inches",
		"YCbCrPositioning": "Centered",
		"ExposureTime": "1/1250",
		"FNumber": "5.6",
		"ExposureProgram": "Program AE",
		"ExifVersion": "0220",
		"DateTimeOriginal": "2004:07:18 10:34:42",
		"CreateDate": "2004:07:18 10:34:42",
		"ComponentsConfiguration": "Y, Cb, Cr, -",
		"ExposureCompensation": "0",
		"MaxApertureValue": "2.3",
		"MeteringMode": "Multi-segment",
		"LightSource": "Unknown",
		"Flash": "Auto, Did not fire",
		"FocalLength": "5.6 mm",
		"FlashpixVersion": "0100",
		"ColorSpace": "sRGB",
		"ExposureIndex": "100",
		"SensingMethod": "One-chip color area",
		"FileSource": "Digital Camera",
		"SceneType": "Directly photographed",
		"CustomRendered": "Normal",
		"ExposureMode": "Auto",
		"WhiteBalance": "Auto",
		"DigitalZoomRatio": "0",
		"FocalLengthIn35mmFormat": "36 mm",
		"SceneCaptureType": "Standard",
		"GainControl": "None",
		"Contrast": "Normal",
		"Saturation": "Normal",
		"Sharpness": "Normal",
		"SubjectDistanceRange": "Unknown",
		"KodakModel": "DX6340  ",
		"Quality": "Fine",
		"BurstMode": "Off",
		"KodakImageWidth": "1656",
		"KodakImageHeight": "1242",
		"YearCreated": "2004",
		"MonthDayCreated": "07:18",
		"TimeCreated": "10:34:42.75",
		"ShutterMode": "Auto",
		"SequenceNumber": "0",
		"FocusMode": "Normal",
		"FlashMode": "Auto",
		"FlashFired": "No",
		"ISOSetting": "Auto",
		"ISO": "89",
		"TotalZoom": "1",
		"DateTimeStamp": "Off",
		"ColorMode": "Saturated Color",
		"DigitalZoom": "1",
		"InteropIndex": "R98 - DCF basic file (sRGB)",
		"InteropVersion": "0100",
		"Compression": "JPEG (old-style)",
		"ThumbnailOffset": "2720",
		"ThumbnailLength": "2806"
	},
	"groups": [

	],
	"albums": [
		{
			"id": "72157625162244798",
			"title": "BEG Calendar 2011",
			"url": "https://www.flickr.com/photos/23603275@N07/sets/72157625162244798/"
		}
	],
	"tags": [

	],
	"people": [

	],
	"notes": [

	],
	"privacy": "public",
	"comment_permissions": "any flickr member",
	"tagging_permissions": "people you follow",
	"safety": "safe",
	"comments": [

	]
}