{
	"id": "2293971710",
	"name": "pack6",
	"description": "",
	"count_views": "10",
	"count_faves": "0",
	"count_comments": "0",
	"date_taken": "2008-02-26 05:35:18",
	"count_tags": "1",
	"count_notes": "0",
	"rotation": 0,
	"date_imported": "2008-02-26 05:35:18",
	"photopage": "https://www.flickr.com/photos/23603275@N07/2293971710/",
	"original": "https://live.staticflickr.com/2130/2293971710_5bf1ec27d2_o.jpg",
	"license": "All Rights Reserved",
	"exif": {
		"JFIF:XResolution": {
			"full": "JFIF:XResolution",
			"label": "X-Resolution",
			"value": "1",
			"raw_value": "1"
		},
		"JFIF:YResolution": {
			"full": "JFIF:YResolution",
			"label": "Y-Resolution",
			"value": "1",
			"raw_value": "1"
		}
	},
	"groups": [

	],
	"albums": [

	],
	"tags": [
		{
			"tag": "Peru",
			"user": "https://www.flickr.com/photos/23603275@N07/",
			"date_create": "2008-02-26 05:35:18"
		}
	],
	"people": [

	],
	"notes": [

	],
	"privacy": "public",
	"comment_permissions": "any flickr member",
	"tagging_permissions": "people you follow",
	"safety": "safe",
	"comments": [

	]
}