{
	"id": "5081202232",
	"name": "IMG_1894",
	"description": "",
	"count_views": "0",
	"count_faves": "0",
	"count_comments": "2",
	"date_taken": "2007-07-17 08:53:05",
	"count_tags": "2",
	"count_notes": "0",
	"rotation": 0,
	"date_imported": "2010-10-14 06:29:03",
	"photopage": "https://www.flickr.com/photos/23603275@N07/5081202232/",
	"original": "https://live.staticflickr.com/4030/5081202232_02c11430b2_o.jpg",
	"license": "All Rights Reserved",
	"exif": {
		"IFD0:Compression": {
			"full": "IFD0:Compression",
			"label": "Compression",
			"value": "JPEG (old-style)",
			"raw_value": "JPEG (old-style)"
		},
		"IFD0:Orientation": {
			"full": "IFD0:Orientation",
			"label": "Orientation",
			"value": "Horizontal (normal)",
			"raw_value": "Horizontal (normal)"
		},
		"IFD0:XResolution": {
			"full": "IFD0:XResolution",
			"label": "X-Resolution",
			"value": "180 dpi",
			"raw_value": "180"
		},
		"IFD0:YResolution": {
			"full": "IFD0:YResolution",
			"label": "Y-Resolution",
			"value": "180 dpi",
			"raw_value": "180"
		},
		"IFD0:ModifyDate": {
			"full": "IFD0:ModifyDate",
			"label": "Date and Time (Modified)",
			"value": "2007:07:17 08:53:05",
			"raw_value": "2007:07:17 08:53:05"
		},
		"IFD0:YCbCrPositioning": {
			"full": "IFD0:YCbCrPositioning",
			"label": "YCbCr Positioning",
			"value": "Centered",
			"raw_value": "Centered"
		},
		"ExifIFD:ExposureTime": {
			"full": "ExifIFD:ExposureTime",
			"label": "Exposure",
			"value": "0.002 sec (1/500)",
			"raw_value": "1/500"
		},
		"ExifIFD:FNumber": {
			"full": "ExifIFD:FNumber",
			"label": "Aperture",
			"value": "f/4.5",
			"raw_value": "4.5"
		},
		"ExifIFD:DateTimeOriginal": {
			"full": "ExifIFD:DateTimeOriginal",
			"label": "Date and Time (Original)",
			"value": "2007:07:17 08:53:05",
			"raw_value": "2007:07:17 08:53:05"
		},
		"ExifIFD:CreateDate": {
			"full": "ExifIFD:CreateDate",
			"label": "Date and Time (Digitized)",
			"value": "2007:07:17 08:53:05",
			"raw_value": "2007:07:17 08:53:05"
		},
		"ExifIFD:CompressedBitsPerPixel": {
			"full": "ExifIFD:CompressedBitsPerPixel",
			"label": "Compressed Bits Per Pixel",
			"value": "3",
			"raw_value": "3"
		},
		"ExifIFD:ExposureCompensation": {
			"full": "ExifIFD:ExposureCompensation",
			"label": "Exposure Bias",
			"value": "0 EV",
			"raw_value": "0"
		},
		"ExifIFD:MaxApertureValue": {
			"full": "ExifIFD:MaxApertureValue",
			"label": "Max Aperture Value",
			"value": "4.5",
			"raw_value": "4.5"
		},
		"ExifIFD:MeteringMode": {
			"full": "ExifIFD:MeteringMode",
			"label": "Metering Mode",
			"value": "Multi-segment",
			"raw_value": "Multi-segment"
		},
		"ExifIFD:Flash": {
			"full": "ExifIFD:Flash",
			"label": "Flash",
			"value": "Auto, Did not fire",
			"raw_value": "Auto, Did not fire"
		},
		"ExifIFD:FocalLength": {
			"full": "ExifIFD:FocalLength",
			"label": "Focal Length",
			"value": "30.8 mm",
			"raw_value": "30.8 mm"
		},
		"ExifIFD:ColorSpace": {
			"full": "ExifIFD:ColorSpace",
			"label": "Color Space",
			"value": "sRGB",
			"raw_value": "sRGB"
		},
		"ExifIFD:FocalPlaneXResolution": {
			"full": "ExifIFD:FocalPlaneXResolution",
			"label": "Focal Plane X-Resolution",
			"value": "13653.33333 dpi",
			"raw_value": "13653.33333"
		},
		"ExifIFD:FocalPlaneYResolution": {
			"full": "ExifIFD:FocalPlaneYResolution",
			"label": "Focal Plane Y-Resolution",
			"value": "13633.13609 dpi",
			"raw_value": "13633.13609"
		},
		"ExifIFD:SensingMethod": {
			"full": "ExifIFD:SensingMethod",
			"label": "Sensing Method",
			"value": "One-chip color area",
			"raw_value": "One-chip color area"
		},
		"ExifIFD:CustomRendered": {
			"full": "ExifIFD:CustomRendered",
			"label": "Custom Rendered",
			"value": "Normal",
			"raw_value": "Normal"
		},
		"ExifIFD:ExposureMode": {
			"full": "ExifIFD:ExposureMode",
			"label": "Exposure Mode",
			"value": "Auto",
			"raw_value": "Auto"
		},
		"ExifIFD:WhiteBalance": {
			"full": "ExifIFD:WhiteBalance",
			"label": "White Balance",
			"value": "Auto",
			"raw_value": "Auto"
		},
		"ExifIFD:DigitalZoomRatio": {
			"full": "ExifIFD:DigitalZoomRatio",
			"label": "Digital Zoom Ratio",
			"value": "1",
			"raw_value": "1"
		},
		"ExifIFD:SceneCaptureType": {
			"full": "ExifIFD:SceneCaptureType",
			"label": "Scene Capture Type",
			"value": "Standard",
			"raw_value": "Standard"
		},
		"InteropIFD:RelatedImageWidth": {
			"full": "InteropIFD:RelatedImageWidth",
			"label": "Related Image Width",
			"value": "3072",
			"raw_value": "3072"
		},
		"InteropIFD:RelatedImageHeight": {
			"full": "InteropIFD:RelatedImageHeight",
			"label": "Related Image Height",
			"value": "2304",
			"raw_value": "2304"
		}
	},
	"groups": [

	],
	"albums": [
		{
			"id": "72157625162244798",
			"title": "BEG Calendar 2011",
			"url": "https://www.flickr.com/photos/23603275@N07/sets/72157625162244798/"
		}
	],
	"tags": [
		{
			"tag": "pat",
			"user": "https://www.flickr.com/photos/23603275@N07/",
			"date_create": "2010-10-14 06:29:03"
		},
		{
			"tag": "calendar",
			"user": "https://www.flickr.com/photos/23603275@N07/",
			"date_create": "2010-10-14 06:29:03"
		}
	],
	"people": [

	],
	"notes": [

	],
	"privacy": "private",
	"comment_permissions": "any flickr member",
	"tagging_permissions": "people you follow",
	"safety": "safe",
	"comments": [
		{
			"id": "72157625169822160",
			"date": "2010-10-15 09:48:51",
			"user": "23603275@N07",
			"comment": "pat",
			"url": "https://www.flickr.com/photos/23603275@N07/5081202232//#comment72157625169822160"
		},
		{
			"id": "72157625122980233",
			"date": "2010-10-26 12:03:19",
			"user": "23603275@N07",
			"comment": "Calendar",
			"url": "https://www.flickr.com/photos/23603275@N07/5081202232//#comment72157625122980233"
		}
	]
}