{
	"id": "2294003450",
	"name": "sunrise",
	"description": "",
	"count_views": "15",
	"count_faves": "0",
	"count_comments": "0",
	"date_taken": "2008-02-26 05:57:35",
	"count_tags": "0",
	"count_notes": "0",
	"rotation": 0,
	"date_imported": "2008-02-26 05:57:35",
	"photopage": "https://www.flickr.com/photos/23603275@N07/2294003450/",
	"original": "https://live.staticflickr.com/2207/2294003450_d49b99160b_o.jpg",
	"license": "All Rights Reserved",
	"exif": {
		"JFIF:XResolution": {
			"full": "JFIF:XResolution",
			"label": "X-Resolution",
			"value": "72 dpi",
			"raw_value": "72"
		},
		"JFIF:YResolution": {
			"full": "JFIF:YResolution",
			"label": "Y-Resolution",
			"value": "72 dpi",
			"raw_value": "72"
		}
	},
	"groups": [

	],
	"albums": [

	],
	"tags": [

	],
	"people": [

	],
	"notes": [

	],
	"privacy": "public",
	"comment_permissions": "any flickr member",
	"tagging_permissions": "people you follow",
	"safety": "safe",
	"comments": [

	]
}