{
	"id": "2302375254",
	"name": "P5270043",
	"description": "",
	"count_views": "11",
	"count_faves": "0",
	"count_comments": "0",
	"date_taken": "2008-03-01 06:57:35",
	"count_tags": "4",
	"count_notes": "0",
	"rotation": 0,
	"date_imported": "2008-03-01 06:57:35",
	"photopage": "https://www.flickr.com/photos/23603275@N07/2302375254/",
	"original": "https://live.staticflickr.com/3200/2302375254_488f7a98cf_o.jpg",
	"license": "All Rights Reserved",
	"exif": [

	],
	"groups": [

	],
	"albums": [

	],
	"tags": [
		{
			"tag": "Tower",
			"user": "https://www.flickr.com/photos/23603275@N07/",
			"date_create": "2008-03-01 06:57:35"
		},
		{
			"tag": "Trophy",
			"user": "https://www.flickr.com/photos/23603275@N07/",
			"date_create": "2008-03-01 06:57:35"
		},
		{
			"tag": "Challenge",
			"user": "https://www.flickr.com/photos/23603275@N07/",
			"date_create": "2008-03-01 06:57:35"
		},
		{
			"tag": "2007",
			"user": "https://www.flickr.com/photos/23603275@N07/",
			"date_create": "2008-03-01 06:57:35"
		}
	],
	"people": [

	],
	"notes": [

	],
	"privacy": "public",
	"comment_permissions": "any flickr member",
	"tagging_permissions": "people you follow",
	"safety": "safe",
	"comments": [

	]
}