{
	"id": "5080593229",
	"name": "Debating Monks Lhasa",
	"description": "",
	"count_views": "0",
	"count_faves": "0",
	"count_comments": "0",
	"date_taken": "2005-01-04 04:07:56",
	"count_tags": "0",
	"count_notes": "0",
	"rotation": 0,
	"date_imported": "2010-10-14 06:20:46",
	"photopage": "https://www.flickr.com/photos/23603275@N07/5080593229/",
	"original": "https://live.staticflickr.com/4108/5080593229_7e1fb0d13a_o.jpg",
	"license": "All Rights Reserved",
	"exif": {
		"JFIF:XResolution": {
			"full": "JFIF:XResolution",
			"label": "X-Resolution",
			"value": "72 dpi",
			"raw_value": "72"
		},
		"JFIF:YResolution": {
			"full": "JFIF:YResolution",
			"label": "Y-Resolution",
			"value": "72 dpi",
			"raw_value": "72"
		},
		"IFD0:Orientation": {
			"full": "IFD0:Orientation",
			"label": "Orientation",
			"value": "Horizontal (normal)",
			"raw_value": "Horizontal (normal)"
		},
		"IFD0:Software": {
			"full": "IFD0:Software",
			"label": "Software",
			"value": "Digital Camera FinePix S5600   Ver1.00",
			"raw_value": "Digital Camera FinePix S5600   Ver1.00"
		},
		"IFD0:ModifyDate": {
			"full": "IFD0:ModifyDate",
			"label": "Date and Time (Modified)",
			"value": "2005:01:04 04:07:56",
			"raw_value": "2005:01:04 04:07:56"
		},
		"IFD0:YCbCrPositioning": {
			"full": "IFD0:YCbCrPositioning",
			"label": "YCbCr Positioning",
			"value": "Co-sited",
			"raw_value": "Co-sited"
		},
		"ExifIFD:ExposureTime": {
			"full": "ExifIFD:ExposureTime",
			"label": "Exposure",
			"value": "0.006 sec (1/180)",
			"raw_value": "1/180"
		},
		"ExifIFD:FNumber": {
			"full": "ExifIFD:FNumber",
			"label": "Aperture",
			"value": "f/3.5",
			"raw_value": "3.5"
		},
		"ExifIFD:ExposureProgram": {
			"full": "ExifIFD:ExposureProgram",
			"label": "Exposure Program",
			"value": "Program AE",
			"raw_value": "Program AE"
		},
		"ExifIFD:ISO": {
			"full": "ExifIFD:ISO",
			"label": "ISO Speed",
			"value": "200",
			"raw_value": "200"
		},
		"ExifIFD:DateTimeOriginal": {
			"full": "ExifIFD:DateTimeOriginal",
			"label": "Date and Time (Original)",
			"value": "2005:01:04 04:07:56Z",
			"raw_value": "2005:01:04 04:07:56Z"
		},
		"ExifIFD:CreateDate": {
			"full": "ExifIFD:CreateDate",
			"label": "Date and Time (Digitized)",
			"value": "2005:01:04 04:07:56",
			"raw_value": "2005:01:04 04:07:56"
		},
		"ExifIFD:CompressedBitsPerPixel": {
			"full": "ExifIFD:CompressedBitsPerPixel",
			"label": "Compressed Bits Per Pixel",
			"value": "2.6",
			"raw_value": "2.6"
		},
		"ExifIFD:BrightnessValue": {
			"full": "ExifIFD:BrightnessValue",
			"label": "Brightness Value",
			"value": "5.55",
			"raw_value": "5.55"
		},
		"ExifIFD:ExposureCompensation": {
			"full": "ExifIFD:ExposureCompensation",
			"label": "Exposure Bias",
			"value": "0 EV",
			"raw_value": "0"
		},
		"ExifIFD:MaxApertureValue": {
			"full": "ExifIFD:MaxApertureValue",
			"label": "Max Aperture Value",
			"value": "3.2",
			"raw_value": "3.2"
		},
		"ExifIFD:MeteringMode": {
			"full": "ExifIFD:MeteringMode",
			"label": "Metering Mode",
			"value": "Multi-segment",
			"raw_value": "Multi-segment"
		},
		"ExifIFD:LightSource": {
			"full": "ExifIFD:LightSource",
			"label": "Light Source",
			"value": "Unknown",
			"raw_value": "Unknown"
		},
		"ExifIFD:Flash": {
			"full": "ExifIFD:Flash",
			"label": "Flash",
			"value": "Auto, Did not fire",
			"raw_value": "Auto, Did not fire"
		},
		"ExifIFD:FocalLength": {
			"full": "ExifIFD:FocalLength",
			"label": "Focal Length",
			"value": "21.6 mm",
			"raw_value": "21.6 mm"
		},
		"ExifIFD:ColorSpace": {
			"full": "ExifIFD:ColorSpace",
			"label": "Color Space",
			"value": "sRGB",
			"raw_value": "sRGB"
		},
		"ExifIFD:FocalPlaneXResolution": {
			"full": "ExifIFD:FocalPlaneXResolution",
			"label": "Focal Plane X-Resolution",
			"value": "2741",
			"raw_value": "2741"
		},
		"ExifIFD:FocalPlaneYResolution": {
			"full": "ExifIFD:FocalPlaneYResolution",
			"label": "Focal Plane Y-Resolution",
			"value": "2741",
			"raw_value": "2741"
		},
		"ExifIFD:SensingMethod": {
			"full": "ExifIFD:SensingMethod",
			"label": "Sensing Method",
			"value": "One-chip color area",
			"raw_value": "One-chip color area"
		},
		"ExifIFD:CustomRendered": {
			"full": "ExifIFD:CustomRendered",
			"label": "Custom Rendered",
			"value": "Normal",
			"raw_value": "Normal"
		},
		"ExifIFD:ExposureMode": {
			"full": "ExifIFD:ExposureMode",
			"label": "Exposure Mode",
			"value": "Auto",
			"raw_value": "Auto"
		},
		"ExifIFD:WhiteBalance": {
			"full": "ExifIFD:WhiteBalance",
			"label": "White Balance",
			"value": "Auto",
			"raw_value": "Auto"
		},
		"ExifIFD:SceneCaptureType": {
			"full": "ExifIFD:SceneCaptureType",
			"label": "Scene Capture Type",
			"value": "Standard",
			"raw_value": "Standard"
		},
		"ExifIFD:Sharpness": {
			"full": "ExifIFD:Sharpness",
			"label": "Sharpness",
			"value": "Normal",
			"raw_value": "Normal"
		},
		"ExifIFD:SubjectDistanceRange": {
			"full": "ExifIFD:SubjectDistanceRange",
			"label": "Subject Distance Range",
			"value": "Unknown",
			"raw_value": "Unknown"
		},
		"ExifIFD:Padding": {
			"full": "ExifIFD:Padding",
			"label": "Padding",
			"value": "(Binary data 50 bytes, use -b option to extract)",
			"raw_value": "(Binary data 50 bytes, use -b option to extract)"
		},
		"ExifIFD:OffsetSchema": {
			"full": "ExifIFD:OffsetSchema",
			"label": "Offset Schema",
			"value": "4140",
			"raw_value": "4140"
		},
		"XMP-x:XMPToolkit": {
			"full": "XMP-x:XMPToolkit",
			"label": "XMPToolkit",
			"value": "Image::ExifTool 11.23",
			"raw_value": "Image::ExifTool 11.23"
		},
		"XMP-rdf:About": {
			"full": "XMP-rdf:About",
			"label": "About",
			"value": "uuid:faf5bdd5-ba3d-11da-ad31-d33d75182f1b",
			"raw_value": "uuid:faf5bdd5-ba3d-11da-ad31-d33d75182f1b"
		},
		"XMP-dc:Rights": {
			"full": "XMP-dc:Rights",
			"label": "Rights",
			"value": ".\n\t\t\t\t\t",
			"raw_value": ".\n\t\t\t\t\t"
		},
		"XMP-exifEX:ISOSpeed": {
			"full": "XMP-exifEX:ISOSpeed",
			"label": "ISOSpeed",
			"value": "200",
			"raw_value": "200"
		},
		"XMP-tiff:Orientation": {
			"full": "XMP-tiff:Orientation",
			"label": "Orientation",
			"value": "Horizontal (normal)",
			"raw_value": "Horizontal (normal)"
		},
		"XMP-tiff:Software": {
			"full": "XMP-tiff:Software",
			"label": "Software",
			"value": "Digital Camera FinePix S5600   Ver1.00",
			"raw_value": "Digital Camera FinePix S5600   Ver1.00"
		},
		"XMP-xmp:CreatorTool": {
			"full": "XMP-xmp:CreatorTool",
			"label": "Creator Tool",
			"value": "Digital Camera FinePix S5600   Ver1.00",
			"raw_value": "Digital Camera FinePix S5600   Ver1.00"
		},
		"ExifIFD:FlashFunction": {
			"full": "ExifIFD:FlashFunction",
			"label": "Flash Function",
			"value": "False",
			"raw_value": "False"
		},
		"ExifIFD:FlashMode": {
			"full": "ExifIFD:FlashMode",
			"label": "Flash Mode",
			"value": "Auto",
			"raw_value": "Auto"
		},
		"ExifIFD:FlashRedEyeMode": {
			"full": "ExifIFD:FlashRedEyeMode",
			"label": "Flash Red Eye Mode",
			"value": "False",
			"raw_value": "False"
		},
		"ExifIFD:FlashReturn": {
			"full": "ExifIFD:FlashReturn",
			"label": "Flash Return",
			"value": "No return detection",
			"raw_value": "No return detection"
		}
	},
	"groups": [

	],
	"albums": [
		{
			"id": "72157625162244798",
			"title": "BEG Calendar 2011",
			"url": "https://www.flickr.com/photos/23603275@N07/sets/72157625162244798/"
		}
	],
	"tags": [

	],
	"people": [

	],
	"notes": [

	],
	"privacy": "private",
	"comment_permissions": "any flickr member",
	"tagging_permissions": "people you follow",
	"safety": "safe",
	"comments": [

	]
}