{
	"id": "2301563161",
	"name": "DSC_0042",
	"description": "",
	"count_views": "6",
	"count_faves": "0",
	"count_comments": "0",
	"date_taken": "2008-03-01 06:46:51",
	"count_tags": "1",
	"count_notes": "0",
	"rotation": 0,
	"date_imported": "2008-03-01 06:46:51",
	"photopage": "https://www.flickr.com/photos/23603275@N07/2301563161/",
	"original": "https://live.staticflickr.com/2131/2301563161_7bf63c59a6_o.jpg",
	"license": "All Rights Reserved",
	"exif": [

	],
	"groups": [

	],
	"albums": [

	],
	"tags": [
		{
			"tag": "Zambia",
			"user": "https://www.flickr.com/photos/23603275@N07/",
			"date_create": "2008-03-01 06:46:51"
		}
	],
	"people": [

	],
	"notes": [

	],
	"privacy": "public",
	"comment_permissions": "any flickr member",
	"tagging_permissions": "people you follow",
	"safety": "safe",
	"comments": [

	]
}