{
	"id": "2283856436",
	"name": "canyon",
	"description": "The spectacular canyon",
	"count_views": "48",
	"count_faves": "0",
	"count_comments": "0",
	"date_taken": "2002-07-25 14:40:38",
	"count_tags": "2",
	"count_notes": "0",
	"rotation": 0,
	"date_imported": "2008-02-22 04:51:52",
	"photopage": "https://www.flickr.com/photos/23603275@N07/2283856436/",
	"original": "https://live.staticflickr.com/3038/2283856436_9374808966_o.jpg",
	"license": "All Rights Reserved",
	"exif": {
		"JFIF:XResolution": {
			"full": "JFIF:XResolution",
			"label": "X-Resolution",
			"value": "1",
			"raw_value": "1"
		},
		"JFIF:YResolution": {
			"full": "JFIF:YResolution",
			"label": "Y-Resolution",
			"value": "1",
			"raw_value": "1"
		},
		"IFD0:Compression": {
			"full": "IFD0:Compression",
			"label": "Compression",
			"value": "JPEG (old-style)",
			"raw_value": "JPEG (old-style)"
		},
		"IFD0:Orientation": {
			"full": "IFD0:Orientation",
			"label": "Orientation",
			"value": "Horizontal (normal)",
			"raw_value": "Horizontal (normal)"
		},
		"IFD0:Software": {
			"full": "IFD0:Software",
			"label": "Software",
			"value": "FinePix Viewer Ver.1.1",
			"raw_value": "FinePix Viewer Ver.1.1"
		},
		"IFD0:ModifyDate": {
			"full": "IFD0:ModifyDate",
			"label": "Date and Time (Modified)",
			"value": "2002:08:02 00:00:46",
			"raw_value": "2002:08:02 00:00:46"
		},
		"IFD0:YCbCrPositioning": {
			"full": "IFD0:YCbCrPositioning",
			"label": "YCbCr Positioning",
			"value": "Co-sited",
			"raw_value": "Co-sited"
		},
		"ExifIFD:CreateDate": {
			"full": "ExifIFD:CreateDate",
			"label": "Date and Time (Digitized)",
			"value": "2002:07:25 14:40:38",
			"raw_value": "2002:07:25 14:40:38"
		},
		"ExifIFD:ColorSpace": {
			"full": "ExifIFD:ColorSpace",
			"label": "Color Space",
			"value": "sRGB",
			"raw_value": "sRGB"
		}
	},
	"groups": [

	],
	"albums": [

	],
	"tags": [
		{
			"tag": "Romania",
			"user": "https://www.flickr.com/photos/23603275@N07/",
			"date_create": "2008-02-22 04:51:52"
		},
		{
			"tag": "2002",
			"user": "https://www.flickr.com/photos/23603275@N07/",
			"date_create": "2008-02-22 04:51:52"
		}
	],
	"people": [

	],
	"notes": [

	],
	"privacy": "public",
	"comment_permissions": "any flickr member",
	"tagging_permissions": "people you follow",
	"safety": "safe",
	"comments": [

	]
}