{
	"id": "2302361978",
	"name": "DSC_0022",
	"description": "",
	"count_views": "5",
	"count_faves": "0",
	"count_comments": "0",
	"date_taken": "2008-03-01 06:49:46",
	"count_tags": "1",
	"count_notes": "0",
	"rotation": 0,
	"date_imported": "2008-03-01 06:49:46",
	"photopage": "https://www.flickr.com/photos/23603275@N07/2302361978/",
	"original": "https://live.staticflickr.com/3296/2302361978_fc7686cf9a_o.jpg",
	"license": "All Rights Reserved",
	"exif": [

	],
	"groups": [

	],
	"albums": [

	],
	"tags": [
		{
			"tag": "Zambia",
			"user": "https://www.flickr.com/photos/23603275@N07/",
			"date_create": "2008-03-01 06:49:46"
		}
	],
	"people": [

	],
	"notes": [

	],
	"privacy": "public",
	"comment_permissions": "any flickr member",
	"tagging_permissions": "people you follow",
	"safety": "safe",
	"comments": [

	]
}