{
	"id": "2301581543",
	"name": "P5270040",
	"description": "",
	"count_views": "8",
	"count_faves": "0",
	"count_comments": "0",
	"date_taken": "2008-03-01 06:57:52",
	"count_tags": "4",
	"count_notes": "0",
	"rotation": 0,
	"date_imported": "2008-03-01 06:57:52",
	"photopage": "https://www.flickr.com/photos/23603275@N07/2301581543/",
	"original": "https://live.staticflickr.com/2392/2301581543_0b40f5a984_o.jpg",
	"license": "All Rights Reserved",
	"exif": [

	],
	"groups": [

	],
	"albums": [

	],
	"tags": [
		{
			"tag": "Tower",
			"user": "https://www.flickr.com/photos/23603275@N07/",
			"date_create": "2008-03-01 06:57:52"
		},
		{
			"tag": "Trophy",
			"user": "https://www.flickr.com/photos/23603275@N07/",
			"date_create": "2008-03-01 06:57:52"
		},
		{
			"tag": "Challenge",
			"user": "https://www.flickr.com/photos/23603275@N07/",
			"date_create": "2008-03-01 06:57:52"
		},
		{
			"tag": "2007",
			"user": "https://www.flickr.com/photos/23603275@N07/",
			"date_create": "2008-03-01 06:57:52"
		}
	],
	"people": [

	],
	"notes": [

	],
	"privacy": "public",
	"comment_permissions": "any flickr member",
	"tagging_permissions": "people you follow",
	"safety": "safe",
	"comments": [

	]
}