{
	"id": "2302384246",
	"name": "Norway2006 033",
	"description": "",
	"count_views": "5",
	"count_faves": "0",
	"count_comments": "0",
	"date_taken": "2008-03-01 07:02:22",
	"count_tags": "6",
	"count_notes": "0",
	"rotation": 0,
	"date_imported": "2008-03-01 07:02:22",
	"photopage": "https://www.flickr.com/photos/23603275@N07/2302384246/",
	"original": "https://live.staticflickr.com/2204/2302384246_49f4408347_o.jpg",
	"license": "All Rights Reserved",
	"exif": [

	],
	"groups": [

	],
	"albums": [

	],
	"tags": [
		{
			"tag": "Borders",
			"user": "https://www.flickr.com/photos/23603275@N07/",
			"date_create": "2008-03-01 07:02:22"
		},
		{
			"tag": "Exploration",
			"user": "https://www.flickr.com/photos/23603275@N07/",
			"date_create": "2008-03-01 07:02:22"
		},
		{
			"tag": "Group",
			"user": "https://www.flickr.com/photos/23603275@N07/",
			"date_create": "2008-03-01 07:02:22"
		},
		{
			"tag": "Norway",
			"user": "https://www.flickr.com/photos/23603275@N07/",
			"date_create": "2008-03-01 07:02:22"
		},
		{
			"tag": "2006",
			"user": "https://www.flickr.com/photos/23603275@N07/",
			"date_create": "2008-03-01 07:02:22"
		},
		{
			"tag": "Expedition",
			"user": "https://www.flickr.com/photos/23603275@N07/",
			"date_create": "2008-03-01 07:02:22"
		}
	],
	"people": [

	],
	"notes": [

	],
	"privacy": "public",
	"comment_permissions": "any flickr member",
	"tagging_permissions": "people you follow",
	"safety": "safe",
	"comments": [

	]
}