{
	"id": "2303766643",
	"name": "The Winning Team",
	"description": "",
	"count_views": "26",
	"count_faves": "0",
	"count_comments": "0",
	"date_taken": "2007-06-06 09:22:49",
	"count_tags": "4",
	"count_notes": "0",
	"rotation": 0,
	"date_imported": "2008-03-02 04:34:21",
	"photopage": "https://www.flickr.com/photos/23603275@N07/2303766643/",
	"original": "https://live.staticflickr.com/2279/2303766643_a592c08ab3_o.jpg",
	"license": "All Rights Reserved",
	"exif": {
		"JFIF:XResolution": {
			"full": "JFIF:XResolution",
			"label": "X-Resolution",
			"value": "480 dpi",
			"raw_value": "480"
		},
		"JFIF:YResolution": {
			"full": "JFIF:YResolution",
			"label": "Y-Resolution",
			"value": "480 dpi",
			"raw_value": "480"
		},
		"IFD0:Compression": {
			"full": "IFD0:Compression",
			"label": "Compression",
			"value": "JPEG (old-style)",
			"raw_value": "JPEG (old-style)"
		},
		"IFD0:Orientation": {
			"full": "IFD0:Orientation",
			"label": "Orientation",
			"value": "Horizontal (normal)",
			"raw_value": "Horizontal (normal)"
		},
		"IFD0:YCbCrPositioning": {
			"full": "IFD0:YCbCrPositioning",
			"label": "YCbCr Positioning",
			"value": "Centered",
			"raw_value": "Centered"
		},
		"ExifIFD:ExposureTime": {
			"full": "ExifIFD:ExposureTime",
			"label": "Exposure",
			"value": "0.005 sec (1/200)",
			"raw_value": "1/200"
		},
		"ExifIFD:FNumber": {
			"full": "ExifIFD:FNumber",
			"label": "Aperture",
			"value": "f/2.8",
			"raw_value": "2.8"
		},
		"ExifIFD:ExposureProgram": {
			"full": "ExifIFD:ExposureProgram",
			"label": "Exposure Program",
			"value": "Action (High speed)",
			"raw_value": "Action (High speed)"
		},
		"ExifIFD:ISO": {
			"full": "ExifIFD:ISO",
			"label": "ISO Speed",
			"value": "160",
			"raw_value": "160"
		},
		"ExifIFD:DateTimeOriginal": {
			"full": "ExifIFD:DateTimeOriginal",
			"label": "Date and Time (Original)",
			"value": "2007:06:06 09:22:49",
			"raw_value": "2007:06:06 09:22:49"
		},
		"ExifIFD:CreateDate": {
			"full": "ExifIFD:CreateDate",
			"label": "Date and Time (Digitized)",
			"value": "2007:06:06 09:22:49",
			"raw_value": "2007:06:06 09:22:49"
		},
		"ExifIFD:ExposureCompensation": {
			"full": "ExifIFD:ExposureCompensation",
			"label": "Exposure Bias",
			"value": "0 EV",
			"raw_value": "0"
		},
		"ExifIFD:MaxApertureValue": {
			"full": "ExifIFD:MaxApertureValue",
			"label": "Max Aperture Value",
			"value": "2.8",
			"raw_value": "2.8"
		},
		"ExifIFD:MeteringMode": {
			"full": "ExifIFD:MeteringMode",
			"label": "Metering Mode",
			"value": "Multi-segment",
			"raw_value": "Multi-segment"
		},
		"ExifIFD:LightSource": {
			"full": "ExifIFD:LightSource",
			"label": "Light Source",
			"value": "Unknown",
			"raw_value": "Unknown"
		},
		"ExifIFD:Flash": {
			"full": "ExifIFD:Flash",
			"label": "Flash",
			"value": "Off, Did not fire",
			"raw_value": "Off, Did not fire"
		},
		"ExifIFD:FocalLength": {
			"full": "ExifIFD:FocalLength",
			"label": "Focal Length",
			"value": "6.3 mm",
			"raw_value": "6.3 mm"
		},
		"ExifIFD:ColorSpace": {
			"full": "ExifIFD:ColorSpace",
			"label": "Color Space",
			"value": "sRGB",
			"raw_value": "sRGB"
		},
		"ExifIFD:ExposureIndex": {
			"full": "ExifIFD:ExposureIndex",
			"label": "Exposure Index",
			"value": "160",
			"raw_value": "160"
		},
		"ExifIFD:SensingMethod": {
			"full": "ExifIFD:SensingMethod",
			"label": "Sensing Method",
			"value": "One-chip color area",
			"raw_value": "One-chip color area"
		},
		"ExifIFD:CustomRendered": {
			"full": "ExifIFD:CustomRendered",
			"label": "Custom Rendered",
			"value": "Normal",
			"raw_value": "Normal"
		},
		"ExifIFD:ExposureMode": {
			"full": "ExifIFD:ExposureMode",
			"label": "Exposure Mode",
			"value": "Auto",
			"raw_value": "Auto"
		},
		"ExifIFD:WhiteBalance": {
			"full": "ExifIFD:WhiteBalance",
			"label": "White Balance",
			"value": "Auto",
			"raw_value": "Auto"
		},
		"ExifIFD:DigitalZoomRatio": {
			"full": "ExifIFD:DigitalZoomRatio",
			"label": "Digital Zoom Ratio",
			"value": "0",
			"raw_value": "0"
		},
		"ExifIFD:FocalLengthIn35mmFormat": {
			"full": "ExifIFD:FocalLengthIn35mmFormat",
			"label": "Focal Length (35mm format)",
			"value": "38 mm",
			"raw_value": "38 mm"
		},
		"ExifIFD:SceneCaptureType": {
			"full": "ExifIFD:SceneCaptureType",
			"label": "Scene Capture Type",
			"value": "Standard",
			"raw_value": "Standard"
		},
		"ExifIFD:GainControl": {
			"full": "ExifIFD:GainControl",
			"label": "Gain Control",
			"value": "High gain up",
			"raw_value": "High gain up"
		},
		"ExifIFD:Contrast": {
			"full": "ExifIFD:Contrast",
			"label": "Contrast",
			"value": "Normal",
			"raw_value": "Normal"
		},
		"ExifIFD:Saturation": {
			"full": "ExifIFD:Saturation",
			"label": "Saturation",
			"value": "Normal",
			"raw_value": "Normal"
		},
		"ExifIFD:Sharpness": {
			"full": "ExifIFD:Sharpness",
			"label": "Sharpness",
			"value": "Normal",
			"raw_value": "Normal"
		},
		"ExifIFD:SubjectDistanceRange": {
			"full": "ExifIFD:SubjectDistanceRange",
			"label": "Subject Distance Range",
			"value": "Unknown",
			"raw_value": "Unknown"
		}
	},
	"groups": [

	],
	"albums": [
		{
			"id": "72157604022014920",
			"title": "Kirsty MacAskill Trophy 2007",
			"url": "https://www.flickr.com/photos/23603275@N07/sets/72157604022014920/"
		}
	],
	"tags": [
		{
			"tag": "Kirsty",
			"user": "https://www.flickr.com/photos/23603275@N07/",
			"date_create": "2008-03-02 04:34:21"
		},
		{
			"tag": "MacAskill",
			"user": "https://www.flickr.com/photos/23603275@N07/",
			"date_create": "2008-03-02 04:34:21"
		},
		{
			"tag": "Trophy",
			"user": "https://www.flickr.com/photos/23603275@N07/",
			"date_create": "2008-03-02 04:34:21"
		},
		{
			"tag": "2007",
			"user": "https://www.flickr.com/photos/23603275@N07/",
			"date_create": "2008-03-02 04:34:21"
		}
	],
	"people": [

	],
	"notes": [

	],
	"privacy": "public",
	"comment_permissions": "any flickr member",
	"tagging_permissions": "people you follow",
	"safety": "safe",
	"comments": [

	]
}