{
	"id": "5083598041",
	"name": "Inca Terracing",
	"description": "",
	"count_views": "46",
	"count_faves": "0",
	"count_comments": "0",
	"date_taken": "2010-10-15 09:03:41",
	"count_tags": "0",
	"count_notes": "0",
	"rotation": 0,
	"date_imported": "2010-10-15 09:03:41",
	"photopage": "https://www.flickr.com/photos/23603275@N07/5083598041/",
	"original": "https://live.staticflickr.com/4087/5083598041_224ac66228_o.jpg",
	"license": "All Rights Reserved",
	"exif": {
		"JFIFVersion": "1.01",
		"ResolutionUnit": "inches",
		"XResolution": "150 dpi",
		"YResolution": "150 dpi"
	},
	"groups": [

	],
	"albums": [
		{
			"id": "72157625162244798",
			"title": "BEG Calendar 2011",
			"url": "https://www.flickr.com/photos/23603275@N07/sets/72157625162244798/"
		}
	],
	"tags": [

	],
	"people": [

	],
	"notes": [

	],
	"privacy": "public",
	"comment_permissions": "any flickr member",
	"tagging_permissions": "people you follow",
	"safety": "safe",
	"comments": [

	]
}