{
	"id": "2302359204",
	"name": "DSC_0033",
	"description": "",
	"count_views": "10",
	"count_faves": "0",
	"count_comments": "0",
	"date_taken": "2008-03-01 06:48:03",
	"count_tags": "1",
	"count_notes": "0",
	"rotation": 0,
	"date_imported": "2008-03-01 06:48:03",
	"photopage": "https://www.flickr.com/photos/23603275@N07/2302359204/",
	"original": "https://live.staticflickr.com/3150/2302359204_5593d4dc7b_o.jpg",
	"license": "All Rights Reserved",
	"exif": [

	],
	"groups": [

	],
	"albums": [

	],
	"tags": [
		{
			"tag": "Zambia",
			"user": "https://www.flickr.com/photos/23603275@N07/",
			"date_create": "2008-03-01 06:48:03"
		}
	],
	"people": [

	],
	"notes": [

	],
	"privacy": "public",
	"comment_permissions": "any flickr member",
	"tagging_permissions": "people you follow",
	"safety": "safe",
	"comments": [

	]
}