{
	"id": "2265534688",
	"name": "The Dungeon",
	"description": "The &quot;Dungeon&quot; was the affectionate name we gave to the second of our Community Projects. The task here was to convert the Cellars of an Office Block in central UB to make an Office and work areas for a &quot;Drop In&quot; centre for youths. A large empty area required partitioning off, Electrical cabling installed, the walls plasterboarded and workbenches built. A tall order indeed. ",
	"count_views": "39",
	"count_faves": "0",
	"count_comments": "0",
	"date_taken": "2008-02-14 10:23:35",
	"count_tags": "2",
	"count_notes": "0",
	"rotation": 0,
	"date_imported": "2008-02-14 10:23:35",
	"photopage": "https://www.flickr.com/photos/23603275@N07/2265534688/",
	"original": "https://live.staticflickr.com/2263/2265534688_7af98c1f87_o.jpg",
	"license": "All Rights Reserved",
	"exif": {
		"JFIF:XResolution": {
			"full": "JFIF:XResolution",
			"label": "X-Resolution",
			"value": "144 dpi",
			"raw_value": "144"
		},
		"JFIF:YResolution": {
			"full": "JFIF:YResolution",
			"label": "Y-Resolution",
			"value": "144 dpi",
			"raw_value": "144"
		}
	},
	"groups": [

	],
	"albums": [

	],
	"tags": [
		{
			"tag": "Mongolia",
			"user": "https://www.flickr.com/photos/23603275@N07/",
			"date_create": "2008-02-14 10:23:35"
		},
		{
			"tag": "1999",
			"user": "https://www.flickr.com/photos/23603275@N07/",
			"date_create": "2008-02-14 10:23:35"
		}
	],
	"people": [

	],
	"notes": [

	],
	"privacy": "public",
	"comment_permissions": "any flickr member",
	"tagging_permissions": "people you follow",
	"safety": "safe",
	"comments": [

	]
}