{
	"id": "2264221933",
	"name": "IMGP0317",
	"description": "",
	"count_views": "14",
	"count_faves": "0",
	"count_comments": "0",
	"date_taken": "2008-02-14 04:32:56",
	"count_tags": "5",
	"count_notes": "0",
	"rotation": 0,
	"date_imported": "2008-02-14 04:32:56",
	"photopage": "https://www.flickr.com/photos/23603275@N07/2264221933/",
	"original": "https://live.staticflickr.com/2257/2264221933_f226e10138_o.jpg",
	"license": "All Rights Reserved",
	"exif": [

	],
	"groups": [

	],
	"albums": [
		{
			"id": "72157603909622959",
			"title": "Norway Training Day April 2006",
			"url": "https://www.flickr.com/photos/23603275@N07/sets/72157603909622959/"
		}
	],
	"tags": [
		{
			"tag": "April",
			"user": "https://www.flickr.com/photos/23603275@N07/",
			"date_create": "2008-02-14 04:32:56"
		},
		{
			"tag": "2006",
			"user": "https://www.flickr.com/photos/23603275@N07/",
			"date_create": "2008-02-14 04:32:56"
		},
		{
			"tag": "Norway",
			"user": "https://www.flickr.com/photos/23603275@N07/",
			"date_create": "2008-02-14 04:32:56"
		},
		{
			"tag": "Training",
			"user": "https://www.flickr.com/photos/23603275@N07/",
			"date_create": "2008-02-14 04:32:56"
		},
		{
			"tag": "Day",
			"user": "https://www.flickr.com/photos/23603275@N07/",
			"date_create": "2008-02-14 04:32:56"
		}
	],
	"people": [

	],
	"notes": [

	],
	"privacy": "public",
	"comment_permissions": "any flickr member",
	"tagging_permissions": "people you follow",
	"safety": "safe",
	"comments": [

	]
}