{
	"id": "2524371114",
	"name": "Norway2006 028",
	"description": "",
	"count_views": "16",
	"count_faves": "0",
	"count_comments": "0",
	"date_taken": "2006-08-09 02:24:51",
	"count_tags": "3",
	"count_notes": "0",
	"rotation": 0,
	"date_imported": "2008-05-26 05:36:44",
	"photopage": "https://www.flickr.com/photos/23603275@N07/2524371114/",
	"original": "https://live.staticflickr.com/2094/2524371114_8b1493e8cb_o.jpg",
	"license": "All Rights Reserved",
	"exif": {
		"Make": "FUJIFILM",
		"Model": "FinePix S5500",
		"Orientation": "Horizontal (normal)",
		"XResolution": "72 dpi",
		"YResolution": "72 dpi",
		"ResolutionUnit": "inches",
		"Software": "Digital Camera FinePix S5500   Ver1.00",
		"ModifyDate": "2006:08:09 02:24:51",
		"YCbCrPositioning": "Co-sited",
		"ExposureTime": "0.002 sec (1/420)",
		"FNumber": "f/5.0",
		"ExposureProgram": "Program AE",
		"ISO": "100",
		"ExifVersion": "0220",
		"DateTimeOriginal": "2006:08:09 02:24:51",
		"CreateDate": "2006:08:09 02:24:51",
		"ComponentsConfiguration": "Y, Cb, Cr, -",
		"CompressedBitsPerPixel": "3",
		"BrightnessValue": "8.53",
		"ExposureCompensation": "0 EV",
		"MaxApertureValue": "2.8",
		"MeteringMode": "Multi-segment",
		"LightSource": "Unknown",
		"Flash": "Off, Did not fire",
		"FocalLength": "57 mm",
		"FlashpixVersion": "0100",
		"ColorSpace": "sRGB",
		"FocalPlaneXResolution": "1204",
		"FocalPlaneYResolution": "1204",
		"FocalPlaneResolutionUnit": "cm",
		"SensingMethod": "One-chip color area",
		"FileSource": "Digital Camera",
		"SceneType": "Directly photographed",
		"CustomRendered": "Normal",
		"ExposureMode": "Auto",
		"WhiteBalance": "Auto",
		"SceneCaptureType": "Standard",
		"Sharpness": "Normal",
		"SubjectDistanceRange": "Unknown",
		"Version": "0130",
		"Quality": "NORMAL ",
		"Saturation": "Normal",
		"FujiFlashMode": "Off",
		"FlashExposureComp": "0",
		"Macro": "Off",
		"FocusMode": "Auto",
		"FocusPixel": "320 240",
		"SlowSync": "Off",
		"PictureMode": "Auto",
		"AutoBracketing": "Off",
		"SequenceNumber": "0",
		"ColorMode": "Standard",
		"BlurWarning": "None",
		"FocusWarning": "Good",
		"ExposureWarning": "Good",
		"DynamicRange": "Standard",
		"InteropIndex": "R98 - DCF basic file (sRGB)",
		"InteropVersion": "0100",
		"PrintIMVersion": "0250",
		"Compression": "JPEG (old-style)",
		"ThumbnailOffset": "1318",
		"ThumbnailLength": "8412"
	},
	"groups": [

	],
	"albums": [
		{
			"id": "72157605262733525",
			"title": "Norway Expedition 2008",
			"url": "https://www.flickr.com/photos/23603275@N07/sets/72157605262733525/"
		}
	],
	"tags": [
		{
			"tag": "Norway",
			"user": "https://www.flickr.com/photos/23603275@N07/",
			"date_create": "2008-05-26 05:36:44"
		},
		{
			"tag": "Expedition",
			"user": "https://www.flickr.com/photos/23603275@N07/",
			"date_create": "2008-05-26 05:36:44"
		},
		{
			"tag": "2008",
			"user": "https://www.flickr.com/photos/23603275@N07/",
			"date_create": "2008-05-26 05:36:44"
		}
	],
	"people": [

	],
	"notes": [

	],
	"privacy": "public",
	"comment_permissions": "any flickr member",
	"tagging_permissions": "people you follow",
	"safety": "safe",
	"comments": [

	]
}