{
	"id": "5084183004",
	"name": "Village in Tropical Rainforest, Peru",
	"description": "",
	"count_views": "39",
	"count_faves": "0",
	"count_comments": "0",
	"date_taken": "2003-08-13 14:19:16",
	"count_tags": "0",
	"count_notes": "0",
	"rotation": 0,
	"date_imported": "2010-10-15 08:59:41",
	"photopage": "https://www.flickr.com/photos/23603275@N07/5084183004/",
	"original": "https://live.staticflickr.com/4129/5084183004_b3a9eb0260_o.jpg",
	"license": "All Rights Reserved",
	"exif": {
		"JFIFVersion": "1.01",
		"ResolutionUnit": "inches",
		"XResolution": "1",
		"YResolution": "1",
		"Make": "PictureVision",
		"Model": "UY-S77",
		"Orientation": "Horizontal (normal)",
		"Software": "PhotoNet Digital System",
		"ModifyDate": "2003:10:27 20:01:51",
		"YCbCrPositioning": "Centered",
		"ExifVersion": "0200",
		"DateTimeOriginal": "2003:08:13 14:19:16",
		"ComponentsConfiguration": "Y, Cb, Cr, -",
		"UserComment": "0",
		"FlashpixVersion": "0101",
		"ColorSpace": "sRGB",
		"Compression": "JPEG (old-style)",
		"ThumbnailOffset": "486",
		"ThumbnailLength": "51098",
		"ImageRotationStatus": "0",
		"MetadataNumber": "0100"
	},
	"groups": [

	],
	"albums": [
		{
			"id": "72157625162244798",
			"title": "BEG Calendar 2011",
			"url": "https://www.flickr.com/photos/23603275@N07/sets/72157625162244798/"
		}
	],
	"tags": [

	],
	"people": [

	],
	"notes": [

	],
	"privacy": "public",
	"comment_permissions": "any flickr member",
	"tagging_permissions": "people you follow",
	"safety": "safe",
	"comments": [

	]
}