{
	"id": "2264743971",
	"name": "tsgroup",
	"description": "This was taken on our way to Mongolia via Beijing. We are in Tianenmen Square and while we are looking at the square, the impressive Monuments and the surrounding buildings, the locals are looking at us, especially the folk wearing kilts.",
	"count_views": "62",
	"count_faves": "0",
	"count_comments": "0",
	"date_taken": "2008-02-14 10:23:38",
	"count_tags": "2",
	"count_notes": "0",
	"rotation": 0,
	"date_imported": "2008-02-14 10:23:38",
	"photopage": "https://www.flickr.com/photos/23603275@N07/2264743971/",
	"original": "https://live.staticflickr.com/2399/2264743971_85615ea468_o.jpg",
	"license": "All Rights Reserved",
	"exif": {
		"JFIF:XResolution": {
			"full": "JFIF:XResolution",
			"label": "X-Resolution",
			"value": "144 dpi",
			"raw_value": "144"
		},
		"JFIF:YResolution": {
			"full": "JFIF:YResolution",
			"label": "Y-Resolution",
			"value": "144 dpi",
			"raw_value": "144"
		}
	},
	"groups": [

	],
	"albums": [

	],
	"tags": [
		{
			"tag": "Mongolia",
			"user": "https://www.flickr.com/photos/23603275@N07/",
			"date_create": "2008-02-14 10:23:38"
		},
		{
			"tag": "1999",
			"user": "https://www.flickr.com/photos/23603275@N07/",
			"date_create": "2008-02-14 10:23:38"
		}
	],
	"people": [

	],
	"notes": [

	],
	"privacy": "public",
	"comment_permissions": "any flickr member",
	"tagging_permissions": "people you follow",
	"safety": "safe",
	"comments": [

	]
}