{
	"id": "2301275349",
	"name": "globe",
	"description": "The Globes presented to Alan McGee &amp; Roger Hemming in recognition of their contribution to BEG over its 10 year existence.",
	"count_views": "107",
	"count_faves": "0",
	"count_comments": "0",
	"date_taken": "2008-03-01 03:08:34",
	"count_tags": "3",
	"count_notes": "0",
	"rotation": 0,
	"date_imported": "2008-03-01 03:08:34",
	"photopage": "https://www.flickr.com/photos/23603275@N07/2301275349/",
	"original": "https://live.staticflickr.com/3127/2301275349_426fc48c97_o.jpg",
	"license": "All Rights Reserved",
	"exif": {
		"JFIF:XResolution": {
			"full": "JFIF:XResolution",
			"label": "X-Resolution",
			"value": "96 dpi",
			"raw_value": "96"
		},
		"JFIF:YResolution": {
			"full": "JFIF:YResolution",
			"label": "Y-Resolution",
			"value": "96 dpi",
			"raw_value": "96"
		}
	},
	"groups": [

	],
	"albums": [

	],
	"tags": [
		{
			"tag": "BEG",
			"user": "https://www.flickr.com/photos/23603275@N07/",
			"date_create": "2008-03-01 03:08:34"
		},
		{
			"tag": "Anniversary",
			"user": "https://www.flickr.com/photos/23603275@N07/",
			"date_create": "2008-03-01 03:08:34"
		},
		{
			"tag": "Ball",
			"user": "https://www.flickr.com/photos/23603275@N07/",
			"date_create": "2008-03-01 03:08:34"
		}
	],
	"people": [

	],
	"notes": [

	],
	"privacy": "public",
	"comment_permissions": "any flickr member",
	"tagging_permissions": "people you follow",
	"safety": "safe",
	"comments": [

	]
}