{
	"id": "2304570048",
	"name": "img_3777_large",
	"description": "",
	"count_views": "17",
	"count_faves": "0",
	"count_comments": "0",
	"date_taken": "2008-03-02 04:35:17",
	"count_tags": "4",
	"count_notes": "0",
	"rotation": 0,
	"date_imported": "2008-03-02 04:35:17",
	"photopage": "https://www.flickr.com/photos/23603275@N07/2304570048/",
	"original": "https://live.staticflickr.com/2082/2304570048_c787d713cc_o.jpg",
	"license": "All Rights Reserved",
	"exif": {
		"JFIF:XResolution": {
			"full": "JFIF:XResolution",
			"label": "X-Resolution",
			"value": "180 dpi",
			"raw_value": "180"
		},
		"JFIF:YResolution": {
			"full": "JFIF:YResolution",
			"label": "Y-Resolution",
			"value": "180 dpi",
			"raw_value": "180"
		}
	},
	"groups": [

	],
	"albums": [
		{
			"id": "72157604022014920",
			"title": "Kirsty MacAskill Trophy 2007",
			"url": "https://www.flickr.com/photos/23603275@N07/sets/72157604022014920/"
		}
	],
	"tags": [
		{
			"tag": "Kirsty",
			"user": "https://www.flickr.com/photos/23603275@N07/",
			"date_create": "2008-03-02 04:35:17"
		},
		{
			"tag": "MacAskill",
			"user": "https://www.flickr.com/photos/23603275@N07/",
			"date_create": "2008-03-02 04:35:17"
		},
		{
			"tag": "Trophy",
			"user": "https://www.flickr.com/photos/23603275@N07/",
			"date_create": "2008-03-02 04:35:17"
		},
		{
			"tag": "2007",
			"user": "https://www.flickr.com/photos/23603275@N07/",
			"date_create": "2008-03-02 04:35:17"
		}
	],
	"people": [

	],
	"notes": [

	],
	"privacy": "public",
	"comment_permissions": "any flickr member",
	"tagging_permissions": "people you follow",
	"safety": "safe",
	"comments": [

	]
}