{
	"id": "2304418756",
	"name": "REST",
	"description": "",
	"count_views": "10",
	"count_faves": "0",
	"count_comments": "0",
	"date_taken": "2008-03-02 02:44:14",
	"count_tags": "4",
	"count_notes": "0",
	"rotation": 0,
	"date_imported": "2008-03-02 02:44:14",
	"photopage": "https://www.flickr.com/photos/23603275@N07/2304418756/",
	"original": "https://live.staticflickr.com/3293/2304418756_60f30ba555_o.jpg",
	"license": "All Rights Reserved",
	"exif": {
		"JFIF:XResolution": {
			"full": "JFIF:XResolution",
			"label": "X-Resolution",
			"value": "72 dpi",
			"raw_value": "72"
		},
		"JFIF:YResolution": {
			"full": "JFIF:YResolution",
			"label": "Y-Resolution",
			"value": "72 dpi",
			"raw_value": "72"
		}
	},
	"groups": [

	],
	"albums": [

	],
	"tags": [
		{
			"tag": "Borders",
			"user": "https://www.flickr.com/photos/23603275@N07/",
			"date_create": "2008-03-02 02:44:14"
		},
		{
			"tag": "Exploration",
			"user": "https://www.flickr.com/photos/23603275@N07/",
			"date_create": "2008-03-02 02:44:14"
		},
		{
			"tag": "Group",
			"user": "https://www.flickr.com/photos/23603275@N07/",
			"date_create": "2008-03-02 02:44:14"
		},
		{
			"tag": "Peru",
			"user": "https://www.flickr.com/photos/23603275@N07/",
			"date_create": "2008-03-02 02:44:14"
		}
	],
	"people": [

	],
	"notes": [

	],
	"privacy": "public",
	"comment_permissions": "any flickr member",
	"tagging_permissions": "people you follow",
	"safety": "safe",
	"comments": [

	]
}