{
	"id": "2302281394",
	"name": "Image19",
	"description": "",
	"count_views": "27",
	"count_faves": "0",
	"count_comments": "0",
	"date_taken": "2008-03-01 05:56:54",
	"count_tags": "6",
	"count_notes": "0",
	"rotation": 0,
	"date_imported": "2008-03-01 05:56:54",
	"photopage": "https://www.flickr.com/photos/23603275@N07/2302281394/",
	"original": "https://live.staticflickr.com/3228/2302281394_f94226fe7f_o.jpg",
	"license": "All Rights Reserved",
	"exif": {
		"JFIF:XResolution": {
			"full": "JFIF:XResolution",
			"label": "X-Resolution",
			"value": "144 dpi",
			"raw_value": "144"
		},
		"JFIF:YResolution": {
			"full": "JFIF:YResolution",
			"label": "Y-Resolution",
			"value": "144 dpi",
			"raw_value": "144"
		}
	},
	"groups": [

	],
	"albums": [

	],
	"tags": [
		{
			"tag": "Borders",
			"user": "https://www.flickr.com/photos/23603275@N07/",
			"date_create": "2008-03-01 05:56:54"
		},
		{
			"tag": "Exploration",
			"user": "https://www.flickr.com/photos/23603275@N07/",
			"date_create": "2008-03-01 05:56:54"
		},
		{
			"tag": "Group",
			"user": "https://www.flickr.com/photos/23603275@N07/",
			"date_create": "2008-03-01 05:56:54"
		},
		{
			"tag": "BEG",
			"user": "https://www.flickr.com/photos/23603275@N07/",
			"date_create": "2008-03-01 05:56:54"
		},
		{
			"tag": "Anniversary",
			"user": "https://www.flickr.com/photos/23603275@N07/",
			"date_create": "2008-03-01 05:56:54"
		},
		{
			"tag": "Ball",
			"user": "https://www.flickr.com/photos/23603275@N07/",
			"date_create": "2008-03-01 05:56:54"
		}
	],
	"people": [

	],
	"notes": [

	],
	"privacy": "public",
	"comment_permissions": "any flickr member",
	"tagging_permissions": "people you follow",
	"safety": "safe",
	"comments": [

	]
}