{
	"id": "2294431904",
	"name": "5inarow",
	"description": "",
	"count_views": "11",
	"count_faves": "0",
	"count_comments": "0",
	"date_taken": "2008-02-26 09:59:07",
	"count_tags": "1",
	"count_notes": "0",
	"rotation": 0,
	"date_imported": "2008-02-26 09:59:07",
	"photopage": "https://www.flickr.com/photos/23603275@N07/2294431904/",
	"original": "https://live.staticflickr.com/3268/2294431904_2d8757be12_o.jpg",
	"license": "All Rights Reserved",
	"exif": {
		"JFIF:XResolution": {
			"full": "JFIF:XResolution",
			"label": "X-Resolution",
			"value": "96 dpi",
			"raw_value": "96"
		},
		"JFIF:YResolution": {
			"full": "JFIF:YResolution",
			"label": "Y-Resolution",
			"value": "96 dpi",
			"raw_value": "96"
		}
	},
	"groups": [

	],
	"albums": [

	],
	"tags": [
		{
			"tag": "Nepal",
			"user": "https://www.flickr.com/photos/23603275@N07/",
			"date_create": "2008-02-26 09:59:07"
		}
	],
	"people": [

	],
	"notes": [

	],
	"privacy": "public",
	"comment_permissions": "any flickr member",
	"tagging_permissions": "people you follow",
	"safety": "safe",
	"comments": [

	]
}