{
	"id": "2304631792",
	"name": "before",
	"description": "",
	"count_views": "11",
	"count_faves": "0",
	"count_comments": "0",
	"date_taken": "2008-03-02 05:15:00",
	"count_tags": "2",
	"count_notes": "0",
	"rotation": 0,
	"date_imported": "2008-03-02 05:15:00",
	"photopage": "https://www.flickr.com/photos/23603275@N07/2304631792/",
	"original": "https://live.staticflickr.com/3023/2304631792_783117f8d3_o.jpg",
	"license": "All Rights Reserved",
	"exif": {
		"JFIF:XResolution": {
			"full": "JFIF:XResolution",
			"label": "X-Resolution",
			"value": "1",
			"raw_value": "1"
		},
		"JFIF:YResolution": {
			"full": "JFIF:YResolution",
			"label": "Y-Resolution",
			"value": "1",
			"raw_value": "1"
		}
	},
	"groups": [

	],
	"albums": [

	],
	"tags": [
		{
			"tag": "Member",
			"user": "https://www.flickr.com/photos/23603275@N07/",
			"date_create": "2008-03-02 05:15:00"
		},
		{
			"tag": "Events",
			"user": "https://www.flickr.com/photos/23603275@N07/",
			"date_create": "2008-03-02 05:15:00"
		}
	],
	"people": [

	],
	"notes": [

	],
	"privacy": "public",
	"comment_permissions": "any flickr member",
	"tagging_permissions": "people you follow",
	"safety": "safe",
	"comments": [

	]
}