{
	"id": "2304417676",
	"name": "waterhill",
	"description": "Jack and Jill went up the hill!! (BEG Style)",
	"count_views": "53",
	"count_faves": "0",
	"count_comments": "0",
	"date_taken": "2002-05-12 09:53:25",
	"count_tags": "4",
	"count_notes": "0",
	"rotation": 0,
	"date_imported": "2008-03-02 02:43:24",
	"photopage": "https://www.flickr.com/photos/23603275@N07/2304417676/",
	"original": "https://live.staticflickr.com/3102/2304417676_0c99d4800d_o.jpg",
	"license": "All Rights Reserved",
	"exif": {
		"JFIF:XResolution": {
			"full": "JFIF:XResolution",
			"label": "X-Resolution",
			"value": "1",
			"raw_value": "1"
		},
		"JFIF:YResolution": {
			"full": "JFIF:YResolution",
			"label": "Y-Resolution",
			"value": "1",
			"raw_value": "1"
		},
		"IFD0:Compression": {
			"full": "IFD0:Compression",
			"label": "Compression",
			"value": "JPEG (old-style)",
			"raw_value": "JPEG (old-style)"
		},
		"IFD0:Orientation": {
			"full": "IFD0:Orientation",
			"label": "Orientation",
			"value": "Horizontal (normal)",
			"raw_value": "Horizontal (normal)"
		},
		"IFD0:Software": {
			"full": "IFD0:Software",
			"label": "Software",
			"value": "Digital Camera FinePix2600Zoom Ver3.00",
			"raw_value": "Digital Camera FinePix2600Zoom Ver3.00"
		},
		"IFD0:ModifyDate": {
			"full": "IFD0:ModifyDate",
			"label": "Date and Time (Modified)",
			"value": "2002:05:12 09:53:25",
			"raw_value": "2002:05:12 09:53:25"
		},
		"IFD0:YCbCrPositioning": {
			"full": "IFD0:YCbCrPositioning",
			"label": "YCbCr Positioning",
			"value": "Co-sited",
			"raw_value": "Co-sited"
		},
		"ExifIFD:FNumber": {
			"full": "ExifIFD:FNumber",
			"label": "Aperture",
			"value": "f/3.5",
			"raw_value": "3.5"
		},
		"ExifIFD:ExposureProgram": {
			"full": "ExifIFD:ExposureProgram",
			"label": "Exposure Program",
			"value": "Program AE",
			"raw_value": "Program AE"
		},
		"ExifIFD:ISO": {
			"full": "ExifIFD:ISO",
			"label": "ISO Speed",
			"value": "100",
			"raw_value": "100"
		},
		"ExifIFD:DateTimeOriginal": {
			"full": "ExifIFD:DateTimeOriginal",
			"label": "Date and Time (Original)",
			"value": "2002:05:12 09:53:25",
			"raw_value": "2002:05:12 09:53:25"
		},
		"ExifIFD:CreateDate": {
			"full": "ExifIFD:CreateDate",
			"label": "Date and Time (Digitized)",
			"value": "2002:05:12 09:53:25",
			"raw_value": "2002:05:12 09:53:25"
		},
		"ExifIFD:CompressedBitsPerPixel": {
			"full": "ExifIFD:CompressedBitsPerPixel",
			"label": "Compressed Bits Per Pixel",
			"value": "2",
			"raw_value": "2"
		},
		"ExifIFD:ShutterSpeedValue": {
			"full": "ExifIFD:ShutterSpeedValue",
			"label": "Exposure",
			"value": "0.007 sec (1/137)",
			"raw_value": "1/137"
		},
		"ExifIFD:BrightnessValue": {
			"full": "ExifIFD:BrightnessValue",
			"label": "Brightness Value",
			"value": "5.82",
			"raw_value": "5.82"
		},
		"ExifIFD:ExposureCompensation": {
			"full": "ExifIFD:ExposureCompensation",
			"label": "Exposure Bias",
			"value": "0 EV",
			"raw_value": "0"
		},
		"ExifIFD:MaxApertureValue": {
			"full": "ExifIFD:MaxApertureValue",
			"label": "Max Aperture Value",
			"value": "3.5",
			"raw_value": "3.5"
		},
		"ExifIFD:MeteringMode": {
			"full": "ExifIFD:MeteringMode",
			"label": "Metering Mode",
			"value": "Multi-segment",
			"raw_value": "Multi-segment"
		},
		"ExifIFD:Flash": {
			"full": "ExifIFD:Flash",
			"label": "Flash",
			"value": "No Flash",
			"raw_value": "No Flash"
		},
		"ExifIFD:FocalLength": {
			"full": "ExifIFD:FocalLength",
			"label": "Focal Length",
			"value": "10.7 mm",
			"raw_value": "10.7 mm"
		},
		"ExifIFD:ColorSpace": {
			"full": "ExifIFD:ColorSpace",
			"label": "Color Space",
			"value": "sRGB",
			"raw_value": "sRGB"
		},
		"ExifIFD:FocalPlaneXResolution": {
			"full": "ExifIFD:FocalPlaneXResolution",
			"label": "Focal Plane X-Resolution",
			"value": "2442",
			"raw_value": "2442"
		},
		"ExifIFD:FocalPlaneYResolution": {
			"full": "ExifIFD:FocalPlaneYResolution",
			"label": "Focal Plane Y-Resolution",
			"value": "2442",
			"raw_value": "2442"
		},
		"ExifIFD:SensingMethod": {
			"full": "ExifIFD:SensingMethod",
			"label": "Sensing Method",
			"value": "One-chip color area",
			"raw_value": "One-chip color area"
		}
	},
	"groups": [

	],
	"albums": [

	],
	"tags": [
		{
			"tag": "Borders",
			"user": "https://www.flickr.com/photos/23603275@N07/",
			"date_create": "2008-03-02 02:43:24"
		},
		{
			"tag": "Exploration",
			"user": "https://www.flickr.com/photos/23603275@N07/",
			"date_create": "2008-03-02 02:43:24"
		},
		{
			"tag": "Group",
			"user": "https://www.flickr.com/photos/23603275@N07/",
			"date_create": "2008-03-02 02:43:24"
		},
		{
			"tag": "Peru",
			"user": "https://www.flickr.com/photos/23603275@N07/",
			"date_create": "2008-03-02 02:43:24"
		}
	],
	"people": [

	],
	"notes": [

	],
	"privacy": "public",
	"comment_permissions": "any flickr member",
	"tagging_permissions": "people you follow",
	"safety": "safe",
	"comments": [

	]
}