{
	"id": "2302391068",
	"name": "IMGP0102",
	"description": "",
	"count_views": "10",
	"count_faves": "0",
	"count_comments": "0",
	"date_taken": "2008-03-01 07:06:10",
	"count_tags": "6",
	"count_notes": "0",
	"rotation": 0,
	"date_imported": "2008-03-01 07:06:10",
	"photopage": "https://www.flickr.com/photos/23603275@N07/2302391068/",
	"original": "https://live.staticflickr.com/2385/2302391068_fc44151376_o.jpg",
	"license": "All Rights Reserved",
	"exif": [

	],
	"groups": [

	],
	"albums": [

	],
	"tags": [
		{
			"tag": "Borders",
			"user": "https://www.flickr.com/photos/23603275@N07/",
			"date_create": "2008-03-01 07:06:10"
		},
		{
			"tag": "Exploration",
			"user": "https://www.flickr.com/photos/23603275@N07/",
			"date_create": "2008-03-01 07:06:10"
		},
		{
			"tag": "Group",
			"user": "https://www.flickr.com/photos/23603275@N07/",
			"date_create": "2008-03-01 07:06:10"
		},
		{
			"tag": "Cairngorms",
			"user": "https://www.flickr.com/photos/23603275@N07/",
			"date_create": "2008-03-01 07:06:10"
		},
		{
			"tag": "Members",
			"user": "https://www.flickr.com/photos/23603275@N07/",
			"date_create": "2008-03-01 07:06:10"
		},
		{
			"tag": "Event",
			"user": "https://www.flickr.com/photos/23603275@N07/",
			"date_create": "2008-03-01 07:06:10"
		}
	],
	"people": [

	],
	"notes": [

	],
	"privacy": "public",
	"comment_permissions": "any flickr member",
	"tagging_permissions": "people you follow",
	"safety": "safe",
	"comments": [

	]
}